Latitude and Longitude,Class of Land,max_ndvi,min_ndvi,avg,std
"(10.323727047081501, 105.2516346045924)",Rice,0.8290528805291747,0.0622697429956569,0.346828536321544,0.2053301321268998
"(10.322364360592521, 105.27843410554115)",Rice,0.8333822749064111,-0.042733564013840916,0.3371545947941704,0.2299236923199704
"(10.321455902933202, 105.25254306225168)",Rice,0.8313189921471212,0.05346202520274344,0.3502504814586755,0.20410700149060992
"(10.324181275911162, 105.25118037576274)",Rice,0.830905767602,0.05495855442670246,0.34338428188768405,0.2091164877490698
"(10.324635504740822, 105.27389181724476)",Rice,0.826148007622996,0.02358290542136162,0.3611295349658608,0.21255534599198267
"(10.323727047081501, 105.28070524968936)",Rice,0.8606393664487071,0.020921352241341187,0.35003526616058644,0.2295881719517863
"(10.325089733570481, 105.23937042619212)",Rice,0.735333101941495,-0.0019920255638002623,0.3288027023737815,0.21035616994929893
"(10.324181275911162, 105.25390574874059)",Rice,0.832771095788961,0.07156617802249511,0.3462384415639577,0.2005668068408617
"(10.321001674103542, 105.24436694331814)",Rice,0.8552461805829357,0.03494475796322906,0.3397670699442375,0.22750096995071636
"(10.321001674103542, 105.2416415703403)",Rice,0.8397667904430625,0.034505253349597455,0.33728267118030714,0.22854079328854388
"(10.324635504740822, 105.25572266405916",Rice,0.8480528443337513,0.035731092370790626,0.3459991255230571,0.2087638503773955
"(10.321001674103542, 105.2334654514068)",Rice,0.7534624417751714,-0.036935704514363926,0.3279047432523162,0.22384134905972097
"(10.32327281825184, 105.26753261362978)",Rice,0.8493280017354966,0.06350167158155011,0.3636570457593363,0.20904622357972427
"(10.324181275911162, 105.28115947851899)",Rice,0.8660864617995961,0.031145854872884182,0.3532912480324194,0.22878253494963727
"(10.321001674103542, 105.2598107235259)",Rice,0.8421528957766997,-0.0251226401070314,0.33312939391889484,0.21330693369989553
"(10.32327281825184, 105.24073311268103)",Rice,0.7998581008231197,0.016289016289016297,0.3366707068643057,0.2186370046804522
"(10.324635504740822, 105.27843410554115)",Rice,0.8497165998033377,-0.028532491130916354,0.3431152395629589,0.23407041563397202
"(10.324181275911162, 105.2348281378957)",Rice,0.6779036908970671,0.01666839801523336,0.3321894617517136,0.20488757328390605
"(10.321455902933202, 105.23301122257715)",Rice,0.7507156539095058,0.0008061321963607487,0.33897969880247547,0.21609620900039309
"(10.323727047081501, 105.26026495235556)",Rice,0.8523195257490669,0.05194373684793443,0.3412421325615065,0.21067429998533127
"(10.325089733570481, 105.28025102085971)",Rice,0.8673856982382651,-0.004043241830591022,0.34993199010961196,0.23446757124431566
"(10.32009321644422, 105.23210276491787)",Rice,0.7843259854877184,-0.036935704514363926,0.33436179796717175,0.22530257430846864
"(10.322364360592521, 105.27797987671151)",Rice,0.8299109921743678,-0.04929101319627983,0.33790222811776804,0.22765600775790013
"(10.32327281825184, 105.27752564788187)",Rice,0.8356842866739105,-0.025937253522325544,0.34025981203533034,0.2291880193731825
"(10.324635504740822, 105.2652614694816)",Rice,0.8576501854001107,0.062131013139780915,0.3578536636996165,0.21351402732136868
"(10.320547445273881, 105.2266520189622)",Rice,0.8143132353121881,0.015767634854771753,0.3493674563301803,0.2119633031379809
"(10.323727047081501, 105.2652614694816)",Rice,0.8600811712876651,0.06123626983625486,0.3569620028134418,0.21472313836421666
"(10.325089733570481, 105.23528236672536)",Rice,0.6690252952619714,0.0014499486791637812,0.32799926122490947,0.2054087285739727
"(10.324635504740822, 105.26798684245944)",Rice,0.8429287193781837,0.06325499970577603,0.36526058817222634,0.20912855001369596
"(10.32281858942218, 105.26435301182232)",Rice,0.8634304424003704,0.047383937451075823,0.3542632653948877,0.21842999675217334
"(10.325089733570481, 105.26344455416304)",Rice,0.8568381994021149,0.05442425643425715,0.3516768673063276,0.21494815510133775
"(10.323727047081501, 105.24572962980707)",Rice,0.8362806052550843,0.043059717048358606,0.33900611854924495,0.2182220898699812
"(10.324635504740822, 105.2334654514068)",Rice,0.6725556519885254,0.02396567928113105,0.32932330296563755,0.19901784577207823
"(10.325089733570481, 105.23164853608824)",Rice,0.6849363651403612,0.02899881646036044,0.3285749012315541,0.20453690624072593
"(10.32327281825184, 105.26571569831123)",Rice,0.8609700272159787,0.06031757810519238,0.35816756193318716,0.2145838744041255
"(10.31963898761456, 105.23074007842897)",Rice,0.8083144004708351,0.0021511525456413445,0.35010801962168464,0.21945591897735967
"(10.320547445273881, 105.22983162076967)",Rice,0.8078183055356686,0.02665840747071725,0.35772775591459016,0.2119458885164705
"(10.32281858942218, 105.28115947851899)",Rice,0.8465365339444849,0.05794191002339808,0.3489251106818884,0.22088868072171608
"(10.321910131762861, 105.23028584959931)",Rice,0.78540751411731,0.013172198546507818,0.3474393085117744,0.21643800433130803
"(10.324181275911162, 105.26071918118518)",Rice,0.8567514579883971,0.05194373684793443,0.3435265698134968,0.20996854997166867
"(10.325089733570481, 105.26026495235556)",Rice,0.8590193920915903,0.05194373684793443,0.3472025742658862,0.21162970474180942
"(10.325089733570481, 105.2448211721478)",Rice,0.8151496574173939,0.04641289912959867,0.3374005955476602,0.21392077910305257
"(10.324181275911162, 105.24300425682924)",Rice,0.8199991796765241,0.02825025547859652,0.33857533109865384,0.22484125785070389
"(10.32281858942218, 105.27570873256332)",Rice,0.8156345889790603,0.020447914393553635,0.35042173214587197,0.21195662531464685
"(10.323727047081501, 105.28252216500792)",Rice,0.8673563857778405,0.05000630521912984,0.35548129332263445,0.2257361604078377
"(10.31963898761456, 105.23937042619212)",Rice,0.7996290151068701,0.030475985206144068,0.32752079298446907,0.2252571928781223
"(10.32281858942218, 105.28161370734864)",Rice,0.8488205891572693,0.06268319071880693,0.35137749334517776,0.22031441476097693
"(10.324635504740822, 105.28161370734864)",Rice,0.8701702321297946,0.03700332228349259,0.35619267946949784,0.22792589505085573
"(10.32327281825184, 105.26117341001483)",Rice,0.8522804653498335,0.05194373684793443,0.3360256519065003,0.20996824882854168
"(10.32327281825184, 105.2788883343708)",Rice,0.84819518903412,-0.028386700960381327,0.3405677641639574,0.23368286251558587
"(10.324181275911162, 105.2516346045924)",Rice,0.8306096628073368,0.057409712446112586,0.3444694211198416,0.2076206475792449
"(10.323727047081501, 105.23982465502175)",Rice,0.7642263643622723,0.03545567002056062,0.34361279842537334,0.2070099894863946
"(10.31963898761456, 105.23028584959931)",Rice,0.8150422034812573,0.010094482286187008,0.3545401552635038,0.21705728056436366
"(10.32327281825184, 105.28706445330431)",Rice,0.805271408439203,0.039918105702650405,0.3480590644507971,0.18244566243253627
"(10.324181275911162, 105.27752564788187)",Rice,0.8404212859635519,-0.024935277285733793,0.34261049245218217,0.22977830663074073
"(10.323727047081501, 105.26480724065195)",Rice,0.8610191908945902,0.05742884352467436,0.3563899750046057,0.2152384658528495
"(10.321910131762861, 105.2266520189622)",Rice,0.8114529224969076,0.0405893888553367,0.3553624193855781,0.20806135857471406
"(10.324181275911162, 105.25072614693312)",Rice,0.8305401527891471,0.052922678930564085,0.34197484906392883,0.20978476956667014
"(10.32327281825184, 105.27071221543727)",Rice,0.8272683789712021,0.05911610207446224,0.36578325970890097,0.20562483079527996
"(10.325089733570481, 105.25890226586662)",Rice,0.8525346736912549,0.05621906362108892,0.3516241054701191,0.21230218463045333
"(10.321455902933202, 105.25208883342202)",Rice,0.8328321203285367,0.05202922122074212,0.34913100822110454,0.2059054174499807
"(10.324635504740822, 105.26162763884446)",Rice,0.8602865171486442,0.028666831091464475,0.3393697766149701,0.21724069763668047
"(10.325089733570481, 105.28751868213396)",Rice,0.8231492173374312,0.01295466807705504,0.3513013823013052,0.18435401620084232
"(10.32009321644422, 105.24845500278491)",Rice,0.8387969986117314,0.034386277389726695,0.3387114468910807,0.21939283725217382
"(10.324181275911162, 105.23982465502175)",Rice,0.7561969185269023,-0.0040860322871753285,0.3331303813472806,0.2120333827882548
"(10.31963898761456, 105.23891619736247)",Rice,0.7921848861387639,0.032182629650226044,0.32400507038803167,0.22593134768412243
"(10.325089733570481, 105.26389878299267)",Rice,0.8557437868584347,0.053883983152628975,0.35256853222921863,0.21531263516518714
"(10.321455902933202, 105.26117341001483)",Rice,0.8444139007653456,0.060674154532637185,0.33932033118837357,0.20844931999778993
"(10.319184758784901, 105.22710624779182)",Rice,0.8239338372453923,0.05162221512987721,0.35707363377730744,0.21257080100051398
"(10.321001674103542, 105.25254306225168)",Rice,0.831588075382021,0.05060734636576604,0.3493299351962791,0.20524716605557292
"(10.321455902933202, 105.23164853608824)",Rice,0.7692148815445499,0.00030788746097523977,0.33978288852187966,0.2205768248533649
"(10.324181275911162, 105.24936346044419)",Rice,0.8302540288300313,0.05478860852948845,0.34110119421515533,0.21198028162827642
"(10.324181275911162, 105.27979679203008)",Rice,0.8604572156772119,-0.012883117678741503,0.3475738302949384,0.23328232777031702
"(10.324181275911162, 105.2598107235259)",Rice,0.8543559860765244,0.05194373684793443,0.3452268605863412,0.21062687340291494
"(10.324181275911162, 105.28706445330431)",Rice,0.8244561803056307,0.03171707817087636,0.35161773638274785,0.18767063271158457
"(10.32281858942218, 105.27934256320043)",Rice,0.8471573301355889,-0.024556904094629853,0.3397988965789792,0.23167385405184598
"(10.320547445273881, 105.22710624779182)",Rice,0.8178283660185929,0.015767634854771753,0.34935389016954027,0.21318289493546197
"(10.32327281825184, 105.26162763884446)",Rice,0.8569527808777057,0.028666831091464475,0.3359023478427338,0.21714374031486589
"(10.324635504740822, 105.25208883342202)",Rice,0.8305973233553494,0.06141353745324952,0.3448238474250561,0.2071343679101964
"(10.321001674103542, 105.25027191810346)",Rice,0.8372502591780374,0.04382175121343251,0.34592662255984336,0.21582094003395266
"(10.318730529955241, 105.22756047662148)",Rice,0.8259260414837708,0.04863364757450254,0.3581922415710957,0.21268710820689615
"(10.31963898761456, 105.23255699374752)",Rice,0.7794874506299798,-0.031059320089920635,0.33353142191066615,0.22394082829051892
"(10.323727047081501, 105.23800773970319)",Rice,0.7114316766763255,0.034168190020513835,0.3358079076799892,0.20541454876572127
"(10.323727047081501, 105.27797987671151)",Rice,0.8405233005476456,-0.03113733347846458,0.3415220019261319,0.23015243727032567
"(10.323727047081501, 105.26844107128906)",Rice,0.8438902867709368,0.06311228847180243,0.3657675167937643,0.2097214283531603
"(10.31963898761456, 105.2416415703403)",Rice,0.8438820432919205,0.030496336803905164,0.3353805396961504,0.2326126321518794
"(10.32327281825184, 105.25663112171844)",Rice,0.8484049840475185,0.05194373684793443,0.343124734725811,0.20684586849284764
"(10.32327281825184, 105.27979679203008)",Rice,0.8556167139083115,-0.005423085201242213,0.34629110030273347,0.23110923771533837
"(10.323727047081501, 105.28888136862287)",Rice,0.7569061167274498,0.014083380667545707,0.34672022188217844,0.1597293094981876
"(10.324635504740822, 105.26344455416304)",Rice,0.8590966105083664,0.055064372539227247,0.3495219227655003,0.21442107014780853
"(10.324181275911162, 105.26208186767411)",Rice,0.8610586556768577,0.03350118415304314,0.33763085738848153,0.21886210550660126
"(10.319184758784901, 105.23573659555498)",Rice,0.7819514534635076,0.005213042636655858,0.3314970022018779,0.22853559977885393
"(10.320547445273881, 105.25435997757023)",Rice,0.834532446683818,0.0589485148891731,0.34857309691530247,0.2031625799117185
"(10.31963898761456, 105.24255002799958)",Rice,0.856685892875686,0.03481585745426713,0.3403206232268137,0.2305918862776133
"(10.320547445273881, 105.23619082438464)",Rice,0.756148618052769,0.004248699613218349,0.3282666442569157,0.22365690616518122
"(10.324181275911162, 105.23709928204391)",Rice,0.684021484890228,0.005443933590989568,0.33097763216079606,0.20225740159998262
"(10.324635504740822, 105.26026495235556)",Rice,0.8576199086440854,0.05194373684793443,0.3464728764254886,0.20927493753632082
"(10.32009321644422, 105.23846196853285)",Rice,0.7820667732789947,0.034098095660457114,0.326156028953776,0.22416326765477215
"(10.325089733570481, 105.25617689288879)",Rice,0.8489111566685188,0.031776529414907405,0.34737754712799357,0.2105384904802511
"(10.321455902933202, 105.23074007842897)",Rice,0.7831691346545602,0.0006738039979036687,0.3425990255471759,0.21990609784741094
"(10.325089733570481, 105.26071918118518)",Rice,0.8587210669210299,0.05194373684793443,0.3452143264623147,0.21261832486817828
"(10.323727047081501, 105.24073311268103)",Rice,0.794465165792538,0.03628880817287455,0.34904446973693387,0.21053544213495726
"(10.323727047081501, 105.24345848565886)",Rice,0.8310119213006347,0.045325800459907056,0.3384237533569841,0.22697363693011577
"(10.325089733570481, 105.27979679203008)",Rice,0.866716160265419,-0.01440329855038369,0.3488966396401148,0.2353130892373013
"(10.323727047081501, 105.27752564788187)",Rice,0.8376335213585479,-0.024935277285733793,0.3411052510936457,0.2293528976531814
"(10.318276301125582, 105.22619779013255)",Rice,0.8182939037596528,-0.0021201413427561562,0.34405231872543673,0.2333433027362932
"(10.321455902933202, 105.22710624779182)",Rice,0.8171943273795899,0.03976251729827856,0.3563846867067434,0.2074013153641871
"(10.325089733570481, 105.2666241559705)",Rice,0.8481946169608927,0.06306840666757896,0.3629707433420509,0.20995782396359633
"(10.321001674103542, 105.26026495235556)",Rice,0.8427074815140442,-0.0251226401070314,0.33130786670726564,0.21345311699224823
"(10.32009321644422, 105.24118734151068)",Rice,0.8355556105899045,0.03040794558394094,0.334023768492144,0.23145334470415999
"(10.324635504740822, 105.2857017668154)",Rice,0.8538987594962419,0.07450804554914467,0.35919302450777313,0.20068859162899708
"(10.32009321644422, 105.24209579916996)",Rice,0.8488789292509171,0.03381626313195646,0.3389125359441934,0.22961744896493944
"(10.32281858942218, 105.25572266405916)",Rice,0.8452434138960647,0.06449764201426528,0.34066955290905376,0.20478105867971924
"(10.324635504740822, 105.25663112171844)",Rice,0.8507824398465328,0.022249098150426413,0.3467948911389853,0.21080591056092146
"(10.325089733570481, 105.25345151991095)",Rice,0.834889711409191,0.06739176253058565,0.34216018762628236,0.20358217739823425
"(10.32327281825184, 105.27707141905222)",Rice,0.8334711105185212,-0.019714208306152146,0.3536207215097211,0.22069926949341043
"(10.323727047081501, 105.22892316311038)",Rice,0.7615908642369908,0.03278003024226065,0.35075059476413334,0.20566767160678362
"(10.32327281825184, 105.2334654514068)",Rice,0.6973423387887014,0.012602024345046007,0.3334048058327975,0.2047400562511214
"(10.319184758784901, 105.23846196853285)",Rice,0.7984407529199844,0.028096843125592057,0.32395827119505954,0.22827647247531865
"(10.325089733570481, 105.26753261362978)",Rice,0.8437705344855375,0.06286482171549856,0.36602414594131577,0.2101627354162763
"(10.318730529955241, 105.2334654514068)",Rice,0.791015752744405,-0.03418864253769412,0.33442630469663365,0.23044588051743659
"(10.324635504740822, 105.28115947851899)",Rice,0.8672709662910644,0.0326259321953046,0.35414748937334883,0.2285363815251468
"(10.324181275911162, 105.27525450373366)",Rice,0.8251788425422356,0.01287697538974656,0.3548254448187236,0.21574101807777396
"(10.319184758784901, 105.22846893428076)",Rice,0.8267495161412636,0.03954419094454371,0.35893581785777795,0.21526814896484184
"(10.324181275911162, 105.24073311268103)",Rice,0.7850742549162547,-0.003624448411502403,0.34022635361445125,0.21827489638455183
"(10.323727047081501, 105.2788883343708)",Rice,0.8498624522740093,-0.031620013358430975,0.34087855524742977,0.23442270288343175
"(10.324181275911162, 105.26571569831123)",Rice,0.8580065272936976,0.06383542725837642,0.35863486601416766,0.21224682099330788
"(10.32009321644422, 105.24800077395528)",Rice,0.8391600541828423,0.03140962136775994,0.33892538254596005,0.21986225562992456
"(10.32327281825184, 105.23164853608824)",Rice,0.7193052285839941,0.018225890731745152,0.33518127184908414,0.2108380970721561
"(10.318730529955241, 105.22983162076967)",Rice,0.8287895757093376,0.020247222292329593,0.3552439798089337,0.22331679435080248
"(10.323727047081501, 105.24436694331814)",Rice,0.831646494740552,0.046336545047220665,0.34057623772023266,0.22205794629609588
"(10.324181275911162, 105.28206793617827)",Rice,0.8705598893012617,0.036108923264337435,0.35572204994904577,0.2281172012264544
"(10.325089733570481, 105.28524753798575)",Rice,0.8665110696656231,0.07938131642081604,0.3622721980091057,0.20473532518651005
"(10.320547445273881, 105.22756047662148)",Rice,0.8198512708645969,0.015767634854771753,0.35034087807657555,0.21404102838298927
"(10.32009321644422, 105.24527540097742)",Rice,0.8520232800784511,0.035184250247566135,0.3387539084244359,0.22589057196643567
"(10.324635504740822, 105.26980375777799)",Rice,0.829366302451007,0.06022608721110367,0.36937212522336127,0.2078177385682105
"(10.323727047081501, 105.24527540097742)",Rice,0.8379817246821253,0.04504473726789736,0.3392365805188512,0.21951102088692664
"(10.320547445273881, 105.23800773970319)",Rice,0.7690480313497399,0.02620711472027911,0.3269234615945946,0.2236827431303279
"(10.324635504740822, 105.26616992714088)",Rice,0.8545299443813961,0.06335557840112199,0.3606041484787949,0.21054659569170908
"(10.323727047081501, 105.27707141905222)",Rice,0.8354406540378406,-0.016523149912425122,0.35462027788562583,0.22081720722803427
"(10.321001674103542, 105.23028584959931)",Rice,0.7997338049119584,0.014388663119414936,0.35166643689997945,0.2165545474944651
"(10.319184758784901, 105.23437390906608)",Rice,0.7841486948117385,0.004514786627258154,0.3352822226506617,0.2304614412453311
"(10.320547445273881, 105.25208883342202)",Rice,0.8333227349428933,0.04785911180339588,0.3483985489504754,0.2082543353233158
"(10.321910131762861, 105.24618385863673)",Rice,0.8407247393887949,0.03142563581957584,0.34069061317037563,0.2227401782289686
"(10.325089733570481, 105.26208186767411)",Rice,0.8593130502388872,0.03350118415304314,0.3403049947950672,0.21931615715409836
"(10.321455902933202, 105.2266520189622)",Rice,0.8120248907344669,0.042183452786972254,0.35615366601897286,0.20617241649057932
"(10.32327281825184, 105.28797291096359)",Rice,0.7780445531568742,0.018414360286134898,0.34452194030885747,0.17007551799325002
"(10.318730529955241, 105.2348281378957)",Rice,0.7936699916686961,0.005832138036015298,0.3346154958140982,0.23093087661280395
"(10.324181275911162, 105.24890923161456)",Rice,0.8304886476328627,0.05566547633925883,0.3407675984663552,0.21253914434268278
"(10.323727047081501, 105.2416415703403)",Rice,0.8152760081316451,0.03779712267929161,0.35678095140802424,0.21898995062229049
"(9.983509653666161, 105.50282314738331)",Rice,0.9115931370342959,0.08279251976181903,0.40045507132409003,0.22719137189140948
"(9.966248958139081, 105.52735150418388)",Rice,0.8582177759773686,-0.0306101763632678,0.4024649131878674,0.2010862234853606
"(9.962160898672142, 105.52008384290963)",Rice,0.9182271411988063,0.14867399656924124,0.45270087982715845,0.21019424628377084
"(9.98169273834752, 105.53143956365062)",Rice,0.9046691382229008,0.07514958961587132,0.4206884127286285,0.22479974870907
"(9.974425077072961, 105.48510822302734)",Rice,0.8721349256927322,-0.05799055967633168,0.41709036210209716,0.20407582114341818
"(9.99259423025936, 105.51645001227251)",Rice,0.9089934091899241,0.10988846180728262,0.44484633661453804,0.2233929138721942
"(9.982601196006842, 105.54779180151766)",Rice,0.8790819798235305,0.12732718971178242,0.4218444965270426,0.1969063277896064
"(9.94490020314506, 105.52144652939856)",Rice,0.8990621034694598,-0.0481879729191557,0.42997780498198335,0.2264905988272257
"(9.991685772600041, 105.49600971493871)",Rice,0.9183556134759876,0.07462701392613784,0.4159341429144686,0.23882187699251542
"(9.975787763561941, 105.49373857079053)",Rice,0.8704408289230254,0.01554404145077719,0.41996417698675326,0.20113533434455816
"(9.992140001429702, 105.51645001227251)",Rice,0.9130486661784017,0.10665595433362939,0.44766797794843344,0.22604982849606023
"(9.979421594199222, 105.50963657982791)",Rice,0.9132135010012423,0.08454423368197347,0.4065162242386365,0.22844455690924306
"(9.976241992391602, 105.48601668068665)",Rice,0.8764044290895512,-0.06759906759906761,0.41121278476850526,0.21873485108645088
"(9.983509653666161, 105.52871419067279)",Rice,0.900751342639414,0.040889199794412454,0.42819364504419166,0.2222358943147595
"(9.990777314940722, 105.49964354557582)",Rice,0.9193290112103466,0.09008654838292185,0.41507809924066263,0.24282730006078473
"(9.95443900856792, 105.52825996184316)",Rice,0.9071127413025464,-0.07041435019274352,0.3963416994499927,0.23758585178405994
"(9.994411145578, 105.50872812216863)",Rice,0.9018409317633912,0.08790815912902689,0.41272716074975013,0.22379810312583953
"(9.98805194196276, 105.51054503748719)",Rice,0.9202926826692833,0.09058483573671491,0.41881754174397895,0.23728872054011949
"(9.947171347293361, 105.51735846993179)",Rice,0.878579331163396,-0.0481879729191557,0.42667948266544087,0.22351660855778233
"(9.97669622122126, 105.53734453843595)",Rice,0.8252269812865289,0.0036748995812323254,0.37150218323944967,0.19282646568818987
"(9.952622093249282, 105.51554155461324)",Rice,0.8681794265642023,-0.0481879729191557,0.3991561250225491,0.2033386437643213
"(9.964886271650101, 105.50009777440548)",Rice,0.8982186712094694,-0.0021020447162240076,0.4010165597126804,0.2186542794705982
"(9.98941462845174, 105.52962264833207)",Rice,0.8515949316396051,0.14589667851229307,0.4286120225319199,0.2000049001955895
"(9.95943552569418, 105.50691120685008)",Rice,0.7798819364860655,-0.026871911147326108,0.36717648808711384,0.19120512850963617
"(9.971245475265341, 105.49600971493871)",Rice,0.904623312530765,-0.046533713200379884,0.4086793492587044,0.22848360754785146
"(9.97533353473228, 105.53371070779883)",Rice,0.8331388306938975,-0.02328778894904184,0.3849009614489525,0.18985983922840358
"(9.980330051858541, 105.51009080865757)",Rice,0.9132505552740807,0.08906811284644232,0.4067163835702068,0.22909577882392174
"(9.966248958139081, 105.53280225013955)",Rice,0.7624885711999121,-0.03256766753286164,0.35872967270181594,0.15957806803729566
"(9.977150450050921, 105.50827389333898)",Rice,0.9141859584456933,-0.019705603038936346,0.3948873100974479,0.24198422353682944
"(9.97987582302888, 105.49600971493871)",Rice,0.8810053719282476,-0.04653371320037982,0.40193591807896095,0.21160851611118056
"(9.966248958139081, 105.49782663025726)",Rice,0.9016665185904913,-0.0021020447162240076,0.4111235565639717,0.2122994643868802
"(9.977604678880581, 105.51508732578358)",Rice,0.8038042177765238,0.1054738900311833,0.3890499348719792,0.18971604962152167
"(9.985326568984801, 105.50645697802042)",Rice,0.9231885582529586,0.08752340573628603,0.41403563474966193,0.2341772690312422
"(9.98805194196276, 105.4991893167462)",Rice,0.9214228304667775,0.08750390229507952,0.4191756480017386,0.23994639166169834
"(9.985780797814462, 105.54506642853983)",Rice,0.8797411310657844,0.14609414052592068,0.42592951845810356,0.19033091143096817
"(9.986689255473781, 105.51099926631684)",Rice,0.9213430153693647,0.09379701246382086,0.4218214019786774,0.24125211733520702
"(9.99123154377038, 105.51327041046503)",Rice,0.931092751206641,0.08902512335918503,0.4314200445933994,0.24076896912860873
"(9.974425077072961, 105.50827389333898)",Rice,0.888360102264367,-0.03202269963518443,0.40712495138623184,0.2239433863283269
"(9.969882788776362, 105.49646394376836)",Rice,0.9075045692523267,0.0009819967266776243,0.4228329806616593,0.2179056064532995
"(9.956710152716221, 105.51645001227251)",Rice,0.8682776837608962,0.05305466237942124,0.4259386107176419,0.20604283888173444
"(9.983509653666161, 105.53416493662849)",Rice,0.8843553113781579,0.11311267223090873,0.42014985259066334,0.2112930671167379
"(9.976241992391602, 105.48556245185699)",Rice,0.8759122312170904,-0.06759906759906761,0.4105462544316821,0.2182729227579349
"(9.9512594067603, 105.51463309695396)",Rice,0.8707226717001229,0.15855863842162574,0.4203512837351947,0.17852838163020754
"(9.972608161754321, 105.53461916545811)",Rice,0.8012798494192754,-0.03245089666951323,0.3769478482213741,0.19222301613983425
"(9.9785131365399, 105.52825996184316)",Rice,0.8794905608280775,0.05096116301449461,0.42641888429603053,0.19577531869897366
"(9.996682289726301, 105.5005520032351)",Rice,0.889284868318727,-0.03666841278156102,0.37531060107342556,0.2374750767421835
"(9.99259423025936, 105.52008384290963)",Rice,0.8422751190167703,0.0007216742843397022,0.41510334656962133,0.19937019739161366
"(9.996228060896641, 105.51463309695396)",Rice,0.8860442538397488,0.13560322016434304,0.4043205506532902,0.19431436977591043
"(9.989868857281401, 105.52053807173928)",Rice,0.8170104834654404,0.0007216742843397022,0.4112177443781636,0.19015093010115425
"(9.977150450050921, 105.5128161816354)",Rice,0.8691783053877536,0.09674972927288224,0.40313564547349046,0.2091906261927168
"(9.953530550908601, 105.52871419067279)",Rice,0.9122338814709712,-0.054493574238995875,0.4102755737208347,0.2276075239149595
"(9.973062390583982, 105.5209923005689)",Rice,0.8033331824866143,3.651100806898723e-05,0.39064382923050966,0.18395892751431478
"(9.990323086111061, 105.51054503748719)",Rice,0.9305857566615892,0.08247205954457741,0.4209969140557407,0.24110670995157407
"(9.954893237397581, 105.52508036003567)",Rice,0.9082859881639089,-0.04707913757009916,0.4126836383964974,0.22596784447427437
"(9.969428559946701, 105.50191468972403)",Rice,0.9086869055352762,-0.035752688172043,0.4123487208943936,0.2207074990092481
"(9.972608161754321, 105.48965051132376)",Rice,0.9109389655961567,-0.04519876565619894,0.40825344094434357,0.22692787111800597
"(9.958072839205201, 105.52144652939856)",Rice,0.9205149247218665,0.126645660084939,0.44289316216320257,0.22097016439708567
"(9.973970848243301, 105.48737936717555)",Rice,0.8972993370768392,-0.04519876565619894,0.4206201907832827,0.21403479967096065
"(9.974879305902622, 105.48692513834592)",Rice,0.8917722684724005,0.15960152486172755,0.44488713097914295,0.19369434554185558
"(9.97987582302888, 105.5141788681243)",Rice,0.8578775121734358,0.10531723531280045,0.39798952938399,0.2084016190590678
"(9.99123154377038, 105.50191468972403)",Rice,0.9225701600171761,0.060992659909122705,0.41046209815741597,0.24550597285900516
"(9.95943552569418, 105.5323480213099)",Rice,0.8862527237799233,-0.05731577877645041,0.4033391027954912,0.20730850176427287
"(9.9626151275018, 105.52326344471712)",Rice,0.9369578340753217,-0.03503918856615949,0.42350781363314416,0.24269283431279223
"(9.952167864419621, 105.52689727535423)",Rice,0.9231420334633453,-0.06043661432401375,0.4197346466400484,0.23388617975522388
"(9.985780797814462, 105.54688334385838)",Rice,0.8868989677174213,0.13957993998007284,0.42302118471071415,0.19244718179275838
"(9.977150450050921, 105.51009080865757)",Rice,0.9122205092550608,0.0838855377793662,0.4112978088286647,0.22837425192309294
"(9.985780797814462, 105.50918235099826)",Rice,0.9224605463455741,0.0927943532769188,0.4164118544713211,0.2345594368013386
"(9.984418111325482, 105.5073654356797)",Rice,0.9195601835715347,0.0881434428841537,0.4111697783095822,0.2307923902747878
"(9.94807980495268, 105.51735846993179)",Rice,0.8789833130184787,-0.04818797291915575,0.4340413425526125,0.22264327927951208
"(9.974879305902622, 105.49010474015338)",Rice,0.9059834893004297,0.12607606739245458,0.43873766396500724,0.2041814686290598
"(9.969428559946701, 105.49555548610908)",Rice,0.9049129763076721,0.0009819967266776243,0.40519908217746625,0.22405927415026997
"(9.999861891533921, 105.50645697802042)",Rice,0.8872525416386937,0.08759061833688699,0.4207345656459137,0.20977207787923957
"(9.957164381545882, 105.53053110599134)",Rice,0.9073537083651774,-0.05817846906014096,0.3947351587095845,0.23165550164522908
"(9.958981296864522, 105.51690424110214)",Rice,0.8566842492886503,-0.02200860106248414,0.403165739214891,0.2165543536131184
"(9.950805177930642, 105.51463309695396)",Rice,0.8673829202784008,0.15648919082915919,0.4195562206011877,0.17773875514307638
"(9.959889754523841, 105.53007687716172)",Rice,0.8982750605163997,-0.055694021354503194,0.4148250214042354,0.2087965627038297
"(9.995319603237322, 105.50146046089439)",Rice,0.8870663230283873,-0.03666841278156102,0.3842654599710206,0.23670147296845157
"(9.9785131365399, 105.50918235099826)",Rice,0.9179108883605389,0.079039376653823,0.4010050031682833,0.23561205388826997
"(9.959889754523841, 105.52508036003567)",Rice,0.9256220833662897,-0.045312411166069703,0.42390549533437083,0.24070128654191172
"(9.972608161754321, 105.48874205366448)",Rice,0.9068516314608208,-0.04519876565619894,0.408779959118279,0.22304156932776756
"(9.966703186968742, 105.50009777440548)",Rice,0.9120904145571048,-0.017678255745433104,0.4056500678496482,0.2202390005437922
"(9.966703186968742, 105.53189379248028)",Rice,0.7758122525750917,-0.03183116948217951,0.3697033563839003,0.16118338554464964
"(9.987597713133102, 105.50509429153152)",Rice,0.9234885567067688,0.056064360317410564,0.41341552806546766,0.2404962997064913
"(9.9467171184637, 105.5241719023764)",Rice,0.9159678808895757,-0.0481879729191557,0.4460471656076005,0.2305780211860483
"(9.982146967177181, 105.52780573301351)",Rice,0.8897236644365035,0.041829521033461145,0.42353085515535965,0.21306109769963957
"(9.984418111325482, 105.49146742664232)",Rice,0.8610161865990908,-0.05890747257797292,0.37194175579299815,0.2114722763075978
"(9.977604678880581, 105.52462613120602)",Rice,0.804141968129809,0.0778267254038179,0.38525234655854573,0.17167294596945973
"(9.961252441012821, 105.51872115642072)",Rice,0.8953511855577484,0.15303366769738094,0.4410662612249605,0.2045220221486514
"(9.984418111325482, 105.50918235099826)",Rice,0.922572508715756,0.09476353430912053,0.414879175088075,0.23390447244114915
"(9.955347466227241, 105.52598881769495)",Rice,0.9209904520122493,-0.05355040801260951,0.41677199994004893,0.23278893541775816
"(9.97987582302888, 105.54052414024343)",Rice,0.8554679131323099,0.1335108577008443,0.4044941439230507,0.1841480552843291
"(9.958527068034861, 105.52462613120602)",Rice,0.9269691528870975,-0.04572979054299991,0.4212557120482152,0.24361436905093142
"(9.985326568984801, 105.53416493662849)",Rice,0.8906295240571738,0.09563093262683578,0.43583825464161535,0.21496496772675053
"(9.987597713133102, 105.52553458886531)",Rice,0.7807616665133074,0.01831605849779924,0.3888726321395409,0.18108337024227175
"(9.978967365369561, 105.52553458886531)",Rice,0.8169717443234303,0.10080083546907218,0.39775282862732636,0.16809144667672707
"(9.977604678880581, 105.4878335960052)",Rice,0.8727903841426132,-0.06759906759906761,0.4094205201093208,0.21479797884016907
"(9.974879305902622, 105.52371767354674)",Rice,0.8279797609499019,0.10461962438105976,0.4031065623686933,0.17293772068983346
"(9.994865374407661, 105.51099926631684)",Rice,0.8880831975816708,-0.017780938833570435,0.39298468335292785,0.21951703992942978
"(9.977604678880581, 105.53825299609522)",Rice,0.8375027153534358,0.05458720998704512,0.38189257396913084,0.1892790057468757
"(9.97351661941364, 105.54279528439164)",Rice,0.845939525287196,-0.02984419574281321,0.3979555083607656,0.2038754088561
"(9.99577383206698, 105.50554852036115)",Rice,0.8837313455562109,-0.03666841278156102,0.3881271975126378,0.22750776529033434
"(9.974879305902622, 105.48647090951627)",Rice,0.885916766112951,0.16217649480563617,0.44408439624086904,0.19198695468770494
"(9.9671574157984, 105.52326344471712)",Rice,0.9245492725068091,-0.018076799657717427,0.4286555265167597,0.23302666738708028
"(9.980784280688201, 105.5264430465246)",Rice,0.8502106046802731,0.08717194940118318,0.40602376704327187,0.18156481109824074
"(9.964432042820441, 105.4991893167462)",Rice,0.8975927142901118,-0.0021020447162240076,0.402335799862061,0.2148058035963177
"(9.981238509517862, 105.5060027491908",Rice,0.9228364095724947,-0.029593639575971734,0.39253008500251735,0.24350527550022968
"(9.98805194196276, 105.50554852036115)",Rice,0.9219194841610505,0.06796393470502886,0.41453816911386315,0.23965198081137637
"(9.986689255473781, 105.49146742664232)",Rice,0.8644719504250784,-0.05853110766241461,0.3631246864850273,0.2163177357846612
"(9.969428559946701, 105.49737240142764)",Rice,0.9141262265488452,0.0009819967266776243,0.423852713161133,0.22024778429535863
"(9.987597713133102, 105.50009777440548)",Rice,0.9206945511244781,0.08990976256173336,0.4140791517875903,0.2348522398258674
"(9.977150450050921, 105.54279528439164)",Rice,0.8710186620766677,0.08786044081908119,0.39482362335032384,0.19336721587044228
"(9.973062390583982, 105.49101319781266)",Rice,0.9161083229355456,-0.04519876565619894,0.41139407196513084,0.22961466321903945
"(9.952167864419621, 105.52190075822818)",Rice,0.9404444939673304,-0.0481879729191557,0.43904488827896837,0.24162247389691388
"(9.985326568984801, 105.49782663025726)",Rice,0.9117874012008654,0.08564241325176969,0.4120894670290323,0.2249631241218546
"(9.976241992391602, 105.48647090951627)",Rice,0.8771386210039721,-0.06759906759906761,0.41107678968596645,0.218798222594625
"(9.979421594199222, 105.49555548610908)",Rice,0.8757178581479721,-0.046533713200379884,0.40342047897998884,0.20887759024751523
"(9.984418111325482, 105.54506642853983)",Rice,0.8697245124313194,0.14896108528706525,0.4169266761017237,0.18694397497763746
"(9.972608161754321, 105.53734453843595)",Rice,0.8027376608683675,-0.036634304207119724,0.3923676011301048,0.18431329240553648
"(9.980784280688201, 105.49646394376836)",Rice,0.8910488115128001,0.10017981629354959,0.4179448654428298,0.2032848331545575
"(9.98487234015514, 105.50146046089439)",Rice,0.9137503871917689,0.07804396590399285,0.3987459353330999,0.23065899903375842
"(9.961252441012821, 105.52598881769495)",Rice,0.9236837931613358,-0.046630395729610426,0.4279519612198286,0.2300099884540404
"(9.94989672027132, 105.51826692759107)",Rice,0.9053839816808859,-0.0481879729191557,0.4409226136369079,0.23481858109229342
"(9.98941462845174, 105.50827389333898)",Rice,0.9219630073997072,0.08448708132624545,0.41817858651608136,0.23924844308775473
"(9.97533353473228, 105.48556245185699)",Rice,0.8788248961435953,0.16808495122304207,0.44557991121377644,0.18831919090896063
"(9.9830554248365, 105.53870722492488)",Rice,0.8680252791550388,0.14952793945474482,0.4099208639375544,0.19216309273821788
"(9.98805194196276, 105.5377987672656)",Rice,0.8908901945818111,0.11933757061638942,0.43597598034350593,0.21444953731871427
"(9.982146967177181, 105.49646394376836)",Rice,0.8989287046451109,0.10017981629354959,0.41922114388225534,0.20776135499595771
"(9.986689255473781, 105.50373160504259)",Rice,0.920373692151187,0.06377806984073146,0.40957774222886456,0.237247351371065
"(9.994411145578, 105.51781269876145)",Rice,0.879713837520542,-0.0029942027138943512,0.4194798026107209,0.22195630283398773
"(9.982601196006842, 105.50327737621296)",Rice,0.9150450554659836,0.08461311281748381,0.40329293430195445,0.23111315062850105
"(9.978967365369561, 105.50418583387224)",Rice,0.9263008978294003,0.07482114843710665,0.4220653982420103,0.22988559882922738
"(10.001224578022901, 105.50464006270187)",Rice,0.8848510755720367,0.08759061833688699,0.40649340335496176,0.21191042590504022
"(9.96897433111704, 105.52371767354674)",Rice,0.9073368466312177,-0.023835593363092704,0.4210331840996353,0.22533995075120444
"(9.950805177930642, 105.52008384290963)",Rice,0.9355444273887115,-0.0481879729191557,0.4475397339764988,0.2447701956386366
"(9.98941462845174, 105.4991893167462)",Rice,0.919910066051546,0.08754652659199588,0.41937828139365335,0.242845104695369
"(9.97351661941364, 105.53643608077667)",Rice,0.8004914883059389,-0.036634304207119724,0.37816627264891073,0.18115071996184728
"(9.97533353473228, 105.52144652939856)",Rice,0.7702948608920298,0.11360582393161349,0.39254244828935364,0.15721271648492724
"(9.9671574157984, 105.49373857079053)",Rice,0.8850772961120055,-0.03288545764976616,0.3897484356208942,0.22005544052261358
"(9.967611644628061, 105.50827389333898)",Rice,0.8715828182435691,-0.03202269963518443,0.40307158788317926,0.2264035765258658
"(9.982601196006842, 105.51690424110214)",Rice,0.7982532104990495,0.10373862429200142,0.37541740254503647,0.18969294550633045
"(9.9830554248365, 105.53825299609522)",Rice,0.8728096086729845,0.1400554072460324,0.4098170586838392,0.19651991635335966
"(9.968520102287382, 105.4946470284498)",Rice,0.8959944646529312,-0.024365737251946743,0.397765193562828,0.22502018736463583
"(9.974425077072961, 105.50645697802042)",Rice,0.8905340330297886,-0.03202269963518443,0.4088529816378291,0.22302686515253328
"(9.96397781399078, 105.52371767354674)",Rice,0.9379522684532897,-0.029361868719822496,0.4256075296276627,0.2438426461257151
"(9.991685772600041, 105.51645001227251)",Rice,0.9183455879548509,0.10307457172205839,0.4522886747534182,0.2305975893784558
"(9.985780797814462, 105.50872812216863)",Rice,0.921303167406623,0.0914089475470371,0.41696666012497346,0.23255275190365546
"(9.981238509517862, 105.50373160504259)",Rice,0.9261385244432176,0.07619754307268109,0.4057411489170787,0.23636100633192564
"(9.971699704095002, 105.4923758843016)",Rice,0.9131889422171333,-0.03288545764976616,0.4207076728083108,0.22784864428016957
"(9.95307632207894, 105.51599578344286)",Rice,0.8745557622334091,-0.0481879729191557,0.3976595673526671,0.21042337268151712
"(9.97987582302888, 105.51554155461324)",Rice,0.8105020645103325,0.10853355975650046,0.3916462512314991,0.19041981750976483
"(10.481616988271316, 104.91150805695796)",Non Rice,0.8766227762915838,0.2683216208816282,0.5594600227922939,0.14027156151491013
"(10.481162759441657, 104.91150805695796)",Non Rice,0.8768657074176971,-0.04555160142348755,0.5362498964226069,0.18091286254648764
"(10.480708530611997, 104.91150805695796)",Non Rice,0.8774453841101582,-0.043842464365331346,0.5403302907438859,0.17631117123457177
"(10.480254301782336, 104.91150805695796)",Non Rice,0.8776521821982617,-0.04659243465213612,0.5425235205530068,0.17333360566337044
"(10.479800072952678, 104.91150805695796)",Non Rice,0.8797470609943263,-0.05309621523027816,0.5452727270051911,0.17169441254954138
"(10.479345844123017, 104.91150805695796)",Non Rice,0.8806971319214781,-0.05309621523027816,0.5452374214515397,0.1707946211462469
"(10.478891615293357, 104.91150805695796)",Non Rice,0.8822674576318478,-0.05309621523027816,0.5451075939526682,0.16905460441590603
"(10.478437386463696, 104.91150805695796)",Non Rice,0.8836592383710915,-0.05309621523027812,0.5461699537485339,0.1684142270977513
"(10.477983157634037, 104.91150805695796)",Non Rice,0.8846513401773499,-0.05309621523027816,0.5474469493043954,0.16714287929800076
"(10.477528928804377, 104.91150805695796)",Non Rice,0.88498941175738,-0.05309621523027816,0.5459990493768421,0.16352481208178093
"(10.477074699974716, 104.91150805695796)",Non Rice,0.8839821594620781,-0.05309621523027816,0.5460087484816333,0.16220521172396252
"(10.476620471145058, 104.91150805695796)",Non Rice,0.8842704007061749,-0.05309621523027816,0.5358686631549977,0.1672725121203292
"(10.476166242315397, 104.91150805695796)",Non Rice,0.884622344357171,-0.05309621523027816,0.5360558479153334,0.16721357597668562
"(10.475712013485737, 104.91150805695796)",Non Rice,0.8853877958056796,-0.05309621523027816,0.5362261756250889,0.16697212363819236
"(10.475257784656076, 104.91150805695796)",Non Rice,0.8856374837983934,-0.05309621523027816,0.5382980993485152,0.1653856482393494
"(10.474803555826417, 104.91150805695796)",Non Rice,0.884990888205733,-0.05309621523027816,0.542004865768385,0.16245135316847645
"(10.474349326996757, 104.91150805695796)",Non Rice,0.8853010502685802,-0.05309621523027816,0.5439653437423778,0.16230692998421928
"(10.473895098167096, 104.91150805695796)",Non Rice,0.8860552134999004,-0.05309621523027816,0.5481162800085472,0.16215884472682232
"(10.473440869337438, 104.91150805695796)",Non Rice,0.8863401365817857,-0.05309621523027816,0.5491301453240078,0.1624373033134922
"(10.472986640507777, 104.91150805695796)",Non Rice,0.885669360476864,-0.05309621523027816,0.5503490606391126,0.16270235258364152
"(10.472532411678117, 104.91150805695796)",Non Rice,0.8854864882337411,-0.05309621523027816,0.5507006133515627,0.16374069790669094
"(10.472078182848456, 104.91150805695796)",Non Rice,0.8851631372527377,-0.05395793110456259,0.5500645630567955,0.16546926150534766
"(10.471623954018797, 104.91150805695796)",Non Rice,0.8849453117945636,-0.056518914596971614,0.5495480007383766,0.16673477804457879
"(10.481616988271316, 104.91196228578761)",Non Rice,0.8806750025455083,0.2893947753496294,0.563241148143667,0.1392978942172739
"(10.481162759441657, 104.91196228578761)",Non Rice,0.8807722732644101,-0.04555160142348752,0.5393197908677635,0.18096341688405562
"(10.480708530611997, 104.91196228578761)",Non Rice,0.8807038181838776,-0.04384246436533134,0.5430483447754807,0.17588976320035477
"(10.480254301782336, 104.91196228578761)",Non Rice,0.8807999057873149,-0.04659243465213616,0.5451914271770716,0.17300965570406804
"(10.479800072952678, 104.91196228578761)",Non Rice,0.8812737028927747,-0.05309621523027812,0.5468456019310006,0.17132243771044348
"(10.479345844123017, 104.91196228578761)",Non Rice,0.8819095863120291,-0.05309621523027812,0.5464474551157651,0.170564864111442
"(10.478891615293357, 104.91196228578761)",Non Rice,0.8832821184424888,-0.05309621523027812,0.5460324093894301,0.1692808727426128
"(10.478437386463696, 104.91196228578761)",Non Rice,0.8842435157298235,-0.05309621523027818,0.5466100544636726,0.16884602779374308
"(10.477983157634037, 104.91196228578761)",Non Rice,0.8850196761377469,-0.05309621523027812,0.5477187813585089,0.16765517709651392
"(10.477528928804377, 104.91196228578761)",Non Rice,0.885213431212217,-0.05309621523027812,0.5460445566286655,0.16413997503774655
"(10.477074699974716, 104.91196228578761)",Non Rice,0.8841710270292856,-0.05309621523027812,0.5464790894322166,0.16323355918143687
"(10.476620471145058, 104.91196228578761)",Non Rice,0.8843842989197629,-0.05048759852161909,0.5347871150828919,0.16884032335004304
"(10.476166242315397, 104.91196228578761)",Non Rice,0.8846773659549175,-0.04618158008860475,0.5355058178268292,0.16762863686753654
"(10.475712013485737, 104.91196228578761)",Non Rice,0.8854096428398163,-0.04618158008860475,0.5361332661787712,0.16662959096191807
"(10.475257784656076, 104.91196228578761)",Non Rice,0.8856629799870414,-0.04618158008860475,0.5385239510802282,0.1646074569844636
"(10.474803555826417, 104.91196228578761)",Non Rice,0.8850256298937287,-0.03925987050907708,0.5424041605346737,0.1607776580730731
"(10.474349326996757, 104.91196228578761)",Non Rice,0.8853354865379268,-0.034115300887515417,0.544225414521428,0.16006965586719174
"(10.473895098167096, 104.91196228578761)",Non Rice,0.8860635128599665,-0.03158962577295748,0.5484078540944092,0.15950572080269676
"(10.473440869337438, 104.91196228578761)",Non Rice,0.8864808369043733,-0.03158962577295748,0.5498511079827492,0.15986278683290034
"(10.472986640507777, 104.91196228578761)",Non Rice,0.8858062292981519,-0.03158962577295748,0.5512913578407013,0.16024963080380106
"(10.472532411678117, 104.91196228578761)",Non Rice,0.8856486526071484,-0.03158962577295748,0.5516039491142665,0.16143917085491258
"(10.472078182848456, 104.91196228578761)",Non Rice,0.8853348843181836,-0.025588796944621274,0.5512073864455144,0.16266783519021963
"(10.471623954018797, 104.91196228578761)",Non Rice,0.8851518097705875,-0.013425679275439547,0.5512416278950119,0.16218596567823557
"(10.471169725189137, 104.91196228578761)",Non Rice,0.8846641422014863,0.013131627258409119,0.5526524197764653,0.15837191770215497
"(10.470715496359476, 104.91196228578761)",Non Rice,0.8830441331032823,0.1311895152540902,0.5577939672738779,0.14245658698993668
"(10.470261267529818, 104.91196228578761)",Non Rice,0.8806334882224082,0.15281441986605906,0.5596959229121871,0.1366337532954222
"(10.469807038700157, 104.91196228578761)",Non Rice,0.8779206228697618,0.15281441986605906,0.5597016646849271,0.1308742654540264
"(10.469352809870497, 104.91196228578761)",Non Rice,0.8769479534781464,0.15281441986605906,0.5618486382281462,0.1314143357796497
"(10.468898581040836, 104.91196228578761)",Non Rice,0.8756997132413182,0.15281441986605906,0.5617441136950247,0.1348160685455309
"(10.468444352211177, 104.91196228578761)",Non Rice,0.8753371258204153,0.15281441986605906,0.5635320043375796,0.1349159306385707
"(10.467990123381517, 104.91196228578761)",Non Rice,0.8768900087610476,0.15281441986605906,0.5605575912755154,0.13827351391002082
"(10.467535894551856, 104.91196228578761)",Non Rice,0.8771181106047337,0.15281441986605906,0.5591015262450726,0.138735008941969
"(10.467081665722198, 104.91196228578761)",Non Rice,0.8771904428786998,0.2600055281794181,0.5719312557869005,0.12107963810216023
"(10.466627436892537, 104.91196228578761)",Non Rice,0.8773210709877513,0.30702797202797205,0.5725389610515293,0.11805238697068059
"(10.466173208062877, 104.91196228578761)",Non Rice,0.8768044901777362,0.3569775159039772,0.570861780726558,0.11620667420402674
"(10.465718979233216, 104.91196228578761)",Non Rice,0.8761764491495264,0.37867182775586433,0.5689380168893912,0.11606009448444302
"(10.465264750403557, 104.91196228578761)",Non Rice,0.8745551605258882,0.3957398090111858,0.5657885360886161,0.11681184814115245
"(10.464810521573897, 104.91196228578761)",Non Rice,0.873527270503381,0.40250724833558815,0.5624237932522954,0.11858511083969468
"(10.464356292744236, 104.91196228578761)",Non Rice,0.8723131201913201,0.3764007975213371,0.5567287679240636,0.1223320458762566
"(10.463902063914578, 104.91196228578761)",Non Rice,0.8717787446236432,0.3669215436598327,0.5521200715121372,0.1261013494889798
"(10.463447835084917, 104.91196228578761)",Non Rice,0.8723045480803691,0.35713927167555143,0.5474373616337324,0.13065662905409295
"(10.462993606255257, 104.91196228578761)",Non Rice,0.8727033383702802,0.34336292676200914,0.5457014524751657,0.1331487637733592
"(10.462539377425596, 104.91196228578761)",Non Rice,0.8727021173167807,0.3288276880105936,0.5451676250334793,0.13532151838116585
"(10.462085148595937, 104.91196228578761)",Non Rice,0.8727805933760384,0.31938197710555033,0.5453512462633361,0.1364877395239262
"(10.461630919766277, 104.91196228578761)",Non Rice,0.8731945237248474,0.3125784840545899,0.5457018960990276,0.1373856892793722
"(10.461176690936616, 104.91196228578761)",Non Rice,0.8738364101058783,0.3158437574379182,0.548032825700669,0.13688354834888156
"(10.460722462106958, 104.91196228578761)",Non Rice,0.8738791915290468,0.3133139647491769,0.5490961364501291,0.1365794049234536
"(10.460268233277297, 104.91196228578761)",Non Rice,0.8720018070849131,0.3181182419710582,0.5560550870100515,0.13370247216914188
"(10.459814004447637, 104.91196228578761)",Non Rice,0.8698807208423535,0.3233371318898819,0.5546685699772713,0.13317011650429864
"(10.459359775617976, 104.91196228578761)",Non Rice,0.8679173434667938,0.33951282604009486,0.5545912966793497,0.1317903217554782
"(10.458905546788317, 104.91196228578761)",Non Rice,0.8666045120717709,0.36690114536817287,0.5622292020312443,0.12718610186941084
"(10.482071217100977, 104.91241651461723)",Non Rice,0.8812997836755071,0.2839795043212455,0.5670631612293993,0.13550299553453274
"(10.481616988271316, 104.91241651461723)",Non Rice,0.8815377827042254,0.29244306694810335,0.5662555456029801,0.13642704371451503
"(10.481162759441657, 104.91241651461723)",Non Rice,0.8815182494065124,-0.04555160142348755,0.5418796197209086,0.17933101775348304
"(10.480708530611997, 104.91241651461723)",Non Rice,0.8812504387642713,-0.043842464365331346,0.5455213996565585,0.1744413470165846
"(10.480254301782336, 104.91241651461723)",Non Rice,0.8812809006273804,-0.04659243465213612,0.5474192237611879,0.17212839098306368
"(10.479800072952678, 104.91241651461723)",Non Rice,0.8815707591742895,-0.05309621523027816,0.5487066223969324,0.1708578928745641
"(10.479345844123017, 104.91241651461723)",Non Rice,0.8820008740274314,-0.05309621523027816,0.5478891929622983,0.17033663468329757
"(10.478891615293357, 104.91241651461723)",Non Rice,0.8830653882478466,-0.05309621523027816,0.546459285668408,0.16962117118820524
"(10.478437386463696, 104.91241651461723)",Non Rice,0.883879345542646,-0.05309621523027812,0.5468912854293481,0.1693182638309096
"(10.477983157634037, 104.91241651461723)",Non Rice,0.884597678610138,-0.05309621523027816,0.5481001325186845,0.1681935394655511
"(10.477528928804377, 104.91241651461723)",Non Rice,0.8848613778511341,-0.05309621523027816,0.5463439612645031,0.16482864782796613
"(10.477074699974716, 104.91241651461723)",Non Rice,0.8838369485343912,-0.05309621523027816,0.5465628887707666,0.1639446648062739
"(10.476620471145058, 104.91241651461723)",Non Rice,0.88394598015083,-0.050487598521619104,0.5359214941571987,0.16736180646296767
"(10.476166242315397, 104.91241651461723)",Non Rice,0.8842198548505483,-0.04466429099487486,0.5361393305133533,0.16694173330277773
"(10.475712013485737, 104.91241651461723)",Non Rice,0.8849336906781698,-0.03848640396314158,0.53687851359705,0.16540311945628278
"(10.475257784656076, 104.91241651461723)",Non Rice,0.8851610682762251,-0.03237238864440163,0.5383108792879178,0.16404866304542481
"(10.474803555826417, 104.91241651461723)",Non Rice,0.8845918326431892,-0.02558235568884163,0.5421136995091779,0.15988480003301797
"(10.474349326996757, 104.91241651461723)",Non Rice,0.8848316707772256,-0.021644399438147246,0.5438158361341154,0.15923034895862187
"(10.473895098167096, 104.91241651461723)",Non Rice,0.88550175400153,-0.00928232350128549,0.5486680701041664,0.157058385125162
"(10.473440869337438, 104.91241651461723)",Non Rice,0.8859611919233067,-0.008060152410154679,0.550530416520753,0.15723892881376772
"(10.472986640507777, 104.91241651461723)",Non Rice,0.885377648893545,-0.008060152410154679,0.5522091995650577,0.15762556779826495
"(10.472532411678117, 104.91241651461723)",Non Rice,0.8852721141747625,-0.008060152410154679,0.5526721530996996,0.15886203545187752
"(10.472078182848456, 104.91241651461723)",Non Rice,0.8849889805720225,0.011779240869900459,0.5530746165486751,0.1583362435702996
"(10.471623954018797, 104.91241651461723)",Non Rice,0.8849845613970472,0.034298583633790285,0.5538494452101274,0.1564173194664142
"(10.471169725189137, 104.91241651461723)",Non Rice,0.8846206229736678,0.06863103600916107,0.5559020680086821,0.15150530180262262
"(10.470715496359476, 104.91241651461723)",Non Rice,0.8833404172471045,0.1320037655590809,0.5592750136790242,0.14237823694297788
"(10.325089733570481, 105.4923758843016)",Non Rice,0.3193100056857284,0.04100677224977336,0.19718775311630196,0.059163694555236686
"(10.325089733570481, 105.49283011313122)",Non Rice,0.34112519400278507,0.04100677224977336,0.2073038474573595,0.0625886696799696
"(10.324635504740822, 105.49283011313122)",Non Rice,0.342906424543625,0.08133012820512818,0.20786527275234046,0.058983650232738646
"(10.325089733570481, 105.49328434196087)",Non Rice,0.40371833156728637,0.04100677224977336,0.21943290348686847,0.07303518450437499
"(10.324635504740822, 105.49328434196087)",Non Rice,0.3570346062844763,0.08133012820512818,0.21351167831470474,0.061165709774825314
"(10.324181275911162, 105.49328434196087)",Non Rice,0.3700940159658945,0.09194680321580172,0.22241446153327532,0.06106288673220713
"(10.325089733570481, 105.49373857079053)",Non Rice,0.41912256058477776,0.04100677224977336,0.22937229071807239,0.08074469824607997
"(10.324635504740822, 105.49373857079053)",Non Rice,0.36746820790407414,0.08133012820512818,0.21575838103065176,0.06374813200357825
"(10.324181275911162, 105.49373857079053)",Non Rice,0.37941830379170227,0.09194680321580172,0.22253280011803847,0.06279378582202501
"(10.323727047081501, 105.49373857079053)",Non Rice,0.422890206909532,0.08555582438443361,0.24983933001700312,0.07076164837279249
"(10.325089733570481, 105.49419279962015)",Non Rice,0.39234103366898904,0.04100677224977336,0.23021255184273406,0.07820580250139397
"(10.324635504740822, 105.49419279962015)",Non Rice,0.3746962890285498,0.08133012820512818,0.2169634807993943,0.06554806879851881
"(10.324181275911162, 105.49419279962015)",Non Rice,0.3851330787107489,0.09194680321580172,0.22329247378186837,0.06437352838514539
"(10.323727047081501, 105.49419279962015)",Non Rice,0.4300698653430799,0.08555582438443361,0.2504808545559532,0.07211696512415863
"(10.32327281825184, 105.49419279962015)",Non Rice,0.46408092724056643,0.08555582438443361,0.27387481237090366,0.07708867823550775
"(10.325089733570481, 105.4946470284498)",Non Rice,0.4239357750873665,0.04100677224977336,0.24187755764156393,0.07582418372362096
"(10.324635504740822, 105.4946470284498)",Non Rice,0.39513540066697106,0.08133012820512818,0.2223726856121329,0.0668920925067654
"(10.324181275911162, 105.4946470284498)",Non Rice,0.4020006049686336,0.09194680321580172,0.22735146153373786,0.0659189069795608
"(10.323727047081501, 105.4946470284498)",Non Rice,0.45072109272156524,0.08555582438443361,0.2567501381971925,0.07549099695125773
"(10.32327281825184, 105.4946470284498)",Non Rice,0.4857156561780507,0.08555582438443361,0.2815229609969445,0.08104838605421912
"(10.32281858942218, 105.4946470284498)",Non Rice,0.5304056643019792,0.08555582438443361,0.3079655840414991,0.09231982862819839
"(10.325089733570481, 105.49510125727943)",Non Rice,0.4294940094061899,0.04100677224977336,0.24219468105339356,0.07576548540378045
"(10.324635504740822, 105.49510125727943)",Non Rice,0.3913145132751234,0.08133012820512818,0.2185794067607771,0.06576053045128169
"(10.324181275911162, 105.49510125727943)",Non Rice,0.3956281796513966,0.09194680321580172,0.22191324166727247,0.0645779042737893
"(10.323727047081501, 105.49510125727943)",Non Rice,0.4474409416347041,0.08555582438443361,0.25212867542378514,0.07488104650002649
"(10.32327281825184, 105.49510125727943)",Non Rice,0.48567313567071746,0.08555582438443361,0.27890315217345996,0.08120781305165119
"(10.32281858942218, 105.49510125727943)",Non Rice,0.5327502139273593,0.08555582438443361,0.3067832225351247,0.09303845478669807
"(10.322364360592521, 105.49510125727943)",Non Rice,0.5471803219538126,0.08555582438443361,0.3132183036684267,0.09863833019258385
"(10.321910131762861, 105.49510125727943)",Non Rice,0.5349987349425499,0.08555582438443361,0.3119581143359599,0.10109122225694302
"(10.325089733570481, 105.49555548610908)",Non Rice,0.4620677613919406,0.04100677224977336,0.25199522016514364,0.0813192091921522
"(10.324635504740822, 105.49555548610908)",Non Rice,0.40608778445638033,0.08133012820512818,0.22155010983623508,0.07010284634044017
"(10.324181275911162, 105.49555548610908)",Non Rice,0.401646669659141,0.07854339909528038,0.22000990686620323,0.06788492748872776
"(10.323727047081501, 105.49555548610908)",Non Rice,0.44857608015613426,0.07249386794868584,0.24542256959272285,0.07561696108658927
"(10.32327281825184, 105.49555548610908)",Non Rice,0.4874835050532755,0.07249386794868584,0.2727442007882151,0.08155313478905853
"(10.32281858942218, 105.49555548610908)",Non Rice,0.5397195080732959,0.07249386794868584,0.3020100003614026,0.09456593948355352
"(10.322364360592521, 105.49555548610908)",Non Rice,0.5537778474465185,0.07249386794868584,0.3102072066513491,0.10151032110226618
"(10.321910131762861, 105.49555548610908)",Non Rice,0.5503352411988389,0.07249386794868584,0.3127800555758132,0.10474754283285632
"(10.321455902933202, 105.49555548610908)",Non Rice,0.5377301817475071,0.07249386794868584,0.3105165724828427,0.10354073376700432
"(10.325089733570481, 105.49600971493871)",Non Rice,0.4844710907547024,0.04100677224977336,0.25967742449437675,0.08637213699596263
"(10.324635504740822, 105.49600971493871)",Non Rice,0.416688931261394,0.07993384397689317,0.22188761831215262,0.07377671987834263
"(10.324181275911162, 105.49600971493871)",Non Rice,0.40454205212508015,0.06593783722506284,0.21632296907794846,0.07121726938930943
"(10.323727047081501, 105.49600971493871)",Non Rice,0.4448192545928975,0.06013059498343855,0.23785499024385998,0.0768261836314813
"(10.32327281825184, 105.49600971493871)",Non Rice,0.48233586089501007,0.06013059498343855,0.2637699634858606,0.08272295489633753
"(10.32281858942218, 105.49600971493871)",Non Rice,0.5371152900121448,0.06013059498343855,0.29192930566251335,0.1002594345130964
"(10.322364360592521, 105.49600971493871)",Non Rice,0.5540770130550048,0.06013059498343855,0.30017270945188307,0.10613745512805434
"(10.321910131762861, 105.49600971493871)",Non Rice,0.5587286184436379,0.06013059498343855,0.3125841927184982,0.10716546444074902
"(10.321455902933202, 105.49600971493871)",Non Rice,0.5475500259748918,0.06013059498343855,0.3124829667920235,0.1059010999631424
"(10.321001674103542, 105.49600971493871)",Non Rice,0.5300980200750567,0.06013059498343855,0.3080385644453042,0.10309141848579337
"(10.325089733570481, 105.49646394376836)",Non Rice,0.5023607841803572,0.030310234161416864,0.2639121340244414,0.09615323054480177
"(10.324635504740822, 105.49646394376836)",Non Rice,0.44032306771840707,0.017346374215812206,0.2270333151163368,0.08498390694742362
"(10.474349326996757, 105.53107618058692)",Non Rice,0.8639900549516598,0.19699566905986304,0.5244840080334832,0.15267433182242285
"(10.473895098167096, 105.53107618058692)",Non Rice,0.861201214284798,0.17777631405611904,0.5219962903966062,0.15418647850100067
"(10.474349326996757, 105.53153040941655)",Non Rice,0.8639160538687896,0.1990718284193553,0.5245469293347744,0.15278688399652618
"(10.473895098167096, 105.53153040941655)",Non Rice,0.8631945984309172,0.18312446084769632,0.5236412791360403,0.15434709983719444
"(10.473440869337438, 105.53153040941655)",Non Rice,0.8613754303577408,0.17786390667448673,0.521843015287816,0.15508145117860536
"(10.474803555826417, 105.5319846382462)",Non Rice,0.863757055817625,0.1951992383266551,0.5227187834654952,0.15326729212050105
"(10.474349326996757, 105.5319846382462)",Non Rice,0.863252470370451,0.19147302638041908,0.5225584415997312,0.15370512048524118
"(10.473895098167096, 105.5319846382462)",Non Rice,0.862657650635573,0.17898040377172567,0.521758656658509,0.15501242429575415
"(10.473440869337438, 105.5319846382462)",Non Rice,0.8611929234591332,0.17528054829872977,0.5203313515728255,0.15568921731752186
"(10.472986640507777, 105.5319846382462)",Non Rice,0.859520186486224,0.1799220261441752,0.5189069249831161,0.15509886217909888
"(10.472532411678117, 105.5319846382462)",Non Rice,0.8580264490681986,0.1779722518676628,0.5182620175443723,0.15461431319417482
"(10.474803555826417, 105.53243886707584)",Non Rice,0.8624320529147096,0.19468270257942932,0.52128449939699,0.15391994708528983
"(10.474349326996757, 105.53243886707584)",Non Rice,0.8618172379138045,0.1906072359090226,0.5211875703298746,0.15434059091017205
"(10.473895098167096, 105.53243886707584)",Non Rice,0.8612380425887698,0.17826950878164313,0.5205540351193743,0.15563558459501012
"(10.473440869337438, 105.53243886707584)",Non Rice,0.8597764144929188,0.17508562384570753,0.5193159646229301,0.15631031300265705
"(10.472986640507777, 105.53243886707584)",Non Rice,0.8583602296221743,0.17921234993994478,0.5183364149007624,0.15581142774895013
"(10.472532411678117, 105.53243886707584)",Non Rice,0.8571177392331047,0.17751681522392954,0.517917681617928,0.15526319051569473
"(10.472078182848456, 105.53243886707584)",Non Rice,0.8559422164556614,0.1738599075122772,0.5128339906707264,0.1540520329947455
"(10.475257784656076, 105.53289309590548)",Non Rice,0.860226238724697,0.21141523767463477,0.5096306436104211,0.1572775546155665
"(10.474803555826417, 105.53289309590548)",Non Rice,0.8597987229278219,0.19864832829068174,0.5092899983756404,0.15919919546609934
"(10.474349326996757, 105.53289309590548)",Non Rice,0.8592127370433578,0.19335792328920515,0.5093756168094272,0.15974095880907654
"(10.473895098167096, 105.53289309590548)",Non Rice,0.8585778522591692,0.1806504532902733,0.508703190178989,0.1608991068890237
"(10.473440869337438, 105.53289309590548)",Non Rice,0.8573312723198049,0.17771915049060888,0.5076388956478102,0.16144472516982372
"(10.472986640507777, 105.53289309590548)",Non Rice,0.8560752257442618,0.1811631998325025,0.5067877752093799,0.16094264276276946
"(10.472532411678117, 105.53289309590548)",Non Rice,0.8550135010747314,0.1795356473082824,0.5065340116942614,0.1603363659363922
"(10.472078182848456, 105.53289309590548)",Non Rice,0.8538567827948145,0.1760781907859061,0.5102465593261543,0.1550609450443434
"(10.471623954018797, 105.53289309590548)",Non Rice,0.8522824890632617,0.1763752308890112,0.5108512226713308,0.15323537208229243
"(10.471169725189137, 105.53289309590548)",Non Rice,0.8505186913298974,0.14595245938100906,0.5110319361192229,0.15355463146108106
"(10.475257784656076, 105.53334732473513)",Non Rice,0.8596986405395447,0.21210314817428044,0.5101770403002027,0.15574638097540558
"(10.474803555826417, 105.53334732473513)",Non Rice,0.8589561755319362,0.20246175198944438,0.5097276003868236,0.15772000810933773
"(10.474349326996757, 105.53334732473513)",Non Rice,0.8581987625078131,0.19648911183355644,0.5096852718110291,0.15835161485894675
"(10.473895098167096, 105.53334732473513)",Non Rice,0.8574412870787085,0.18384300147958582,0.508857080994617,0.1597129521690083
"(10.473440869337438, 105.53334732473513)",Non Rice,0.856197366805853,0.18096518273424575,0.5077725318626767,0.1602763488711262
"(10.472986640507777, 105.53334732473513)",Non Rice,0.8549469946317072,0.18391292067624332,0.5069403578461733,0.1597378005902608
"(10.472532411678117, 105.53334732473513)",Non Rice,0.8538464473794402,0.18224725008783502,0.5066826527819349,0.15905760168872332
"(10.472078182848456, 105.53334732473513)",Non Rice,0.8528094865800593,0.17880432797106563,0.5087788794744529,0.15595213093090846
"(10.471623954018797, 105.53334732473513)",Non Rice,0.8513546625796623,0.17718813174442563,0.5085646116485866,0.15394641265477327
"(10.471169725189137, 105.53334732473513)",Non Rice,0.8502424965809092,0.14772226946365127,0.5083092722435478,0.15426312711677034
"(10.470715496359476, 105.53334732473513)",Non Rice,0.8498164326545501,0.11034804667681382,0.5086898329926139,0.15642524703360774
"(10.470261267529818, 105.53334732473513)",Non Rice,0.8489909160304665,0.11438907234117716,0.5094902549383755,0.1552039764040673
"(10.475712013485737, 105.53380155356476)",Non Rice,0.859007055447815,0.21383229025418582,0.5102455426719804,0.15394627449185244
"(10.475257784656076, 105.53380155356476)",Non Rice,0.8581289300209035,0.20801041012650207,0.5094465871649762,0.15546138700748185
"(10.474803555826417, 105.53380155356476)",Non Rice,0.8568254935782157,0.2029792716030662,0.5086469147408921,0.15738252079136494
"(10.474349326996757, 105.53380155356476)",Non Rice,0.8559231525568133,0.19854936391856023,0.5070500699167051,0.15810912077330938
"(10.473895098167096, 105.53380155356476)",Non Rice,0.8549506759225429,0.1859510717238509,0.5066686481263809,0.1626761901375047
"(10.473440869337438, 105.53380155356476)",Non Rice,0.8536030945377577,0.18311796760414104,0.5055763534085488,0.16326535153458704
"(10.472986640507777, 105.53380155356476)",Non Rice,0.8522639650888284,0.18576086625458,0.5047812739410422,0.162624380356965
"(10.472532411678117, 105.53380155356476)",Non Rice,0.8510894813420118,0.18407802936116047,0.5045483800091046,0.1617126984084431
"(10.472078182848456, 105.53380155356476)",Non Rice,0.8502412103585675,0.18065439457997426,0.5062430384054771,0.15926636125781998
"(10.471623954018797, 105.53380155356476)",Non Rice,0.8489949328862215,0.17606916338025466,0.4960729179562469,0.16557819780076902
"(10.015305671742361, 105.8103360650496)",Non Rice,0.4963494928566884,-0.03686935344809973,0.24468254570176234,0.12712354575427698
"(10.015305671742361, 105.81079029387922)",Non Rice,0.48159993950693036,-0.03686935344809973,0.2350874951750817,0.12320666363778093
"(10.0148514429127, 105.81079029387922)",Non Rice,0.48343350202197743,-0.06406789462047378,0.23606653851855405,0.1266152285162189
"(10.015305671742361, 105.81124452270888)",Non Rice,0.47181564628960726,-0.04124259817555024,0.23025982249498536,0.12002259854968532
"(10.0148514429127, 105.81124452270888)",Non Rice,0.4723629788974965,-0.06406789462047378,0.23116247888061256,0.12361549401156204
"(10.014397214083042, 105.81124452270888)",Non Rice,0.47370302831817596,-0.0582238722697874,0.23236449687069882,0.12388212640744528
"(10.013942985253381, 105.81124452270888)",Non Rice,0.4929190193222459,-0.07421474893728153,0.24263904249276336,0.13384557303361375
"(10.015759900572021, 105.8116987515385)",Non Rice,0.4737764498889926,-0.04715613323539745,0.2307914363491229,0.12237147076764229
"(10.015305671742361, 105.8116987515385)",Non Rice,0.4652375860409445,-0.04349777671795874,0.2268720626413586,0.11978404502410807
"(10.0148514429127, 105.8116987515385)",Non Rice,0.4641182058449024,-0.07156721334829146,0.2249527592605879,0.12356957523207103
"(10.014397214083042, 105.8116987515385)",Non Rice,0.463894862760026,-0.06402384543355658,0.2253511171203184,0.1235312267686089
"(10.013942985253381, 105.8116987515385)",Non Rice,0.4844544144725232,-0.0795779390855347,0.23615567082691832,0.13442851636824749
"(10.01348875642372, 105.8116987515385)",Non Rice,0.4909053966868984,-0.08600127677123764,0.24055772366807557,0.1385711899334729
"(10.015759900572021, 105.81215298036815)",Non Rice,0.4905829508837028,-0.0532301851977888,0.22829818025146628,0.12387045926307491
"(10.015305671742361, 105.81215298036815)",Non Rice,0.4804554368895471,-0.050997136040970344,0.22377303823859634,0.12155727529778054
"(10.0148514429127, 105.81215298036815)",Non Rice,0.4725651365903465,-0.0770775192242054,0.21908162556976116,0.12607100985730943
"(10.014397214083042, 105.81215298036815)",Non Rice,0.4692744013367476,-0.06758594665136285,0.21964848223322916,0.12611021110321102
"(10.013942985253381, 105.81215298036815)",Non Rice,0.4908428593969025,-0.08588530183507008,0.23056681246832142,0.13887099439534156
"(10.01348875642372, 105.81215298036815)",Non Rice,0.4979489321706439,-0.09052659259746236,0.23503814988706007,0.14344215295608764
"(10.013034527594062, 105.81215298036815)",Non Rice,0.4944848414568057,-0.09321523043003149,0.23712591218237342,0.1432224245282398
"(10.015759900572021, 105.81260720919778)",Non Rice,0.5007113861236768,-0.0641991514064652,0.22381765981950866,0.1295216180891052
"(10.015305671742361, 105.81260720919778)",Non Rice,0.4923715770227975,-0.06596735242616121,0.21956182156783055,0.1291777863415972
"(10.0148514429127, 105.81260720919778)",Non Rice,0.4830105195699453,-0.09226226590624116,0.21463569813489336,0.13509725381941107
"(10.014397214083042, 105.81260720919778)",Non Rice,0.47873421418510065,-0.08068114789834072,0.2157942019449633,0.13438028037822078
"(10.013942985253381, 105.81260720919778)",Non Rice,0.4990487427468668,-0.10497143344418855,0.2250660529201413,0.14967506635840752
"(10.01348875642372, 105.81260720919778)",Non Rice,0.5060755057711849,-0.10891184473500443,0.22942705212461612,0.1537678252566554
"(10.013034527594062, 105.81260720919778)",Non Rice,0.5021018490695793,-0.10305400932751624,0.23300128716088725,0.15073895848323535
"(10.012580298764401, 105.81260720919778)",Non Rice,0.5002085101557966,-0.10691281498450346,0.23689389114355033,0.149856461160094
"(10.016214129401682, 105.81306143802743)",Non Rice,0.5039430319076095,-0.23956843884050433,0.24201949590143781,0.1343409011487222
"(10.015759900572021, 105.81306143802743)",Non Rice,0.514039048200122,-0.23956843884050433,0.23293539839347224,0.1514253748652201
"(10.015305671742361, 105.81306143802743)",Non Rice,0.5084165371198403,-0.24471735596893626,0.20220489595474567,0.17839331994048693
"(10.0148514429127, 105.81306143802743)",Non Rice,0.49320752499158493,-0.24910086004691162,0.1994270430672897,0.17772844248074696
"(10.014397214083042, 105.81306143802743)",Non Rice,0.4845191050120789,-0.23550187991341007,0.20452080871521644,0.1658788805110438
"(10.013942985253381, 105.81306143802743)",Non Rice,0.5086218165267364,-0.20260155887059306,0.21901761745171974,0.17315604803966175
"(10.01348875642372, 105.81306143802743)",Non Rice,0.515855375190083,-0.19468428560702752,0.22476904826668492,0.17314919369175613
"(10.013034527594062, 105.81306143802743)",Non Rice,0.5103873432864972,-0.1940240963855422,0.22827168079643975,0.16747654659993785
"(10.012580298764401, 105.81306143802743)",Non Rice,0.5095487984196934,-0.19250149970005997,0.23069486060072197,0.16711331226955503
"(10.012126069934741, 105.81306143802743)",Non Rice,0.5225209141240457,-0.19128465531064948,0.24318083309374078,0.17143338017841897
"(10.01167184110508, 105.81306143802743)",Non Rice,0.5475329911449627,-0.19128465531064948,0.2580719150656345,0.17880358961923054
"(10.016214129401682, 105.81351566685709)",Non Rice,0.49735039520179725,-0.23072382498339852,0.2324044049906896,0.13901415031899872
"(10.015759900572021, 105.81351566685709)",Non Rice,0.5169479476800588,-0.23072382498339852,0.23711927946686764,0.1421098621193605
"(10.015305671742361, 105.81351566685709)",Non Rice,0.5065854370270382,-0.2415679124886052,0.20520043094778795,0.1699177109681699
"(10.0148514429127, 105.81351566685709)",Non Rice,0.47692952615242046,-0.24780613835805604,0.18748388173085836,0.1717458936000342
"(10.014397214083042, 105.81351566685709)",Non Rice,0.46214838475585457,-0.23550187991341007,0.19023310176336775,0.15742189979091192
"(10.013942985253381, 105.81351566685709)",Non Rice,0.49242647940195355,-0.20260155887059306,0.20758575480265823,0.16763323647464995
"(10.01348875642372, 105.81351566685709)",Non Rice,0.5077143541998265,-0.19468428560702752,0.21718522882917257,0.17057404180845126
"(10.013034527594062, 105.81351566685709)",Non Rice,0.503251099076512,-0.1940240963855422,0.22073851352260251,0.165812912420966
"(10.012580298764401, 105.81351566685709)",Non Rice,0.5030520802910545,-0.19250149970005997,0.22267534441951153,0.1656299659565877
"(10.012126069934741, 105.81351566685709)",Non Rice,0.522261758916404,-0.19128465531064948,0.23827547107548025,0.1723722284873702
"(10.01167184110508, 105.81351566685709)",Non Rice,0.5530528287026555,-0.19128465531064948,0.25539826633902335,0.18133477466957573
"(10.009400696956781, 105.67088781435012)",Non Rice,0.7789420457505144,0.19281749724705333,0.48936225710717135,0.14228484988752146
"(10.0103091546161, 105.67134204317975)",Non Rice,0.7905165088007738,0.1756100726129453,0.504429899722742,0.14081885821118917
"(10.009854925786442, 105.67134204317975)",Non Rice,0.7866506342024863,0.1756100726129453,0.5034191639932507,0.1397000227224509
"(10.009400696956781, 105.67134204317975)",Non Rice,0.7821406997184093,0.1756100726129453,0.49982182257210817,0.13947198683884063
"(10.008946468127121, 105.67134204317975)",Non Rice,0.7761370068161789,0.1756100726129453,0.48783108769181843,0.14193974755686384
"(10.010763383445761, 105.6717962720094)",Non Rice,0.7975297131035237,0.1653243160159852,0.5016812379323261,0.14352730453721332
"(10.0103091546161, 105.6717962720094)",Non Rice,0.7946178145946606,0.1653243160159852,0.5033260833923,0.14104289054258615
"(10.009854925786442, 105.6717962720094)",Non Rice,0.7884158740907538,0.1653243160159852,0.4986106633266639,0.1414880960148756
"(10.009400696956781, 105.6717962720094)",Non Rice,0.7826992122423847,0.1653243160159852,0.5004966232049564,0.14049477145933664
"(10.008946468127121, 105.6717962720094)",Non Rice,0.7752938836544253,0.1653243160159852,0.49431898955892445,0.14092493127917416
"(10.00849223929746, 105.6717962720094)",Non Rice,0.7692330977476597,0.1653243160159852,0.49027309560755045,0.14183952236626327
"(10.01167184110508, 105.67225050083903)",Non Rice,0.8042849834210212,0.09725848563968668,0.4989502508453379,0.15353881434840805
"(10.011217612275422, 105.67225050083903)",Non Rice,0.8028213616448909,0.09725848563968668,0.5003398775453682,0.15186139358484912
"(10.010763383445761, 105.67225050083903)",Non Rice,0.7987028752342605,0.09725848563968668,0.5007574105131047,0.14964595873939215
"(10.0103091546161, 105.67225050083903)",Non Rice,0.7944097082966396,0.09725848563968668,0.5007432510757516,0.1474673941899717
"(10.009854925786442, 105.67225050083903)",Non Rice,0.7871081235908062,0.09725848563968668,0.4981067731250057,0.14560915343681247
"(10.009400696956781, 105.67225050083903)",Non Rice,0.781351077020332,0.09725848563968668,0.49504674343882554,0.14442644507388197
"(10.008946468127121, 105.67225050083903)",Non Rice,0.7737301098477468,0.09725848563968668,0.48990750804244587,0.14748364333717576
"(10.00849223929746, 105.67225050083903)",Non Rice,0.76799181839833,0.09725848563968668,0.4856822919610447,0.14863668957903778
"(10.008038010467802, 105.67225050083903)",Non Rice,0.7563565981742246,0.09725848563968668,0.47825285846807875,0.149794347781199
"(10.012580298764401, 105.67270472966868)",Non Rice,0.813172607833908,0.24852108644488263,0.522169471913243,0.1359922258950547
"(10.012126069934741, 105.67270472966868)",Non Rice,0.8107532425404101,0.24852108644488263,0.5165848637423852,0.14061805075460945
"(10.01167184110508, 105.67270472966868)",Non Rice,0.809382631025295,0.24852108644488263,0.5156955978964559,0.140295653976672
"(10.011217612275422, 105.67270472966868)",Non Rice,0.8079178226790836,0.24852108644488263,0.5201033925627278,0.13381584146646155
"(10.010763383445761, 105.67270472966868)",Non Rice,0.8016847102716936,0.24885028104241186,0.5193476936836129,0.1306332487326531
"(10.0103091546161, 105.67270472966868)",Non Rice,0.7958864044304124,0.2569151429910924,0.5171842890151113,0.1287328278288982
"(10.009854925786442, 105.67270472966868)",Non Rice,0.7875559257127949,0.26887796286783594,0.5147423905890378,0.12553187904618032
"(10.009400696956781, 105.67270472966868)",Non Rice,0.7822317094739897,0.26467198122648994,0.5119909619520948,0.1245513200752583
"(10.008946468127121, 105.67270472966868)",Non Rice,0.7750299255329193,0.26129038616964656,0.504752055990679,0.12748808543893989
"(10.00849223929746, 105.67270472966868)",Non Rice,0.7694933961976491,0.26129038616964656,0.49862192321966575,0.13036126736016798
"(10.008038010467802, 105.67270472966868)",Non Rice,0.7593714128945801,0.23064183908997754,0.4927407134208344,0.13497375019630756
"(10.007583781638141, 105.67270472966868)",Non Rice,0.7510908917666261,0.22477031243260337,0.488368733538104,0.1333833707288412
"(10.013034527594062, 105.6731589584983)",Non Rice,0.8168242898793256,0.06377739473036195,0.5256674228513057,0.15190716107811883
"(10.012580298764401, 105.6731589584983)",Non Rice,0.8157994107883924,0.06377739473036195,0.5235711538213378,0.15407696624614464
"(10.012126069934741, 105.6731589584983)",Non Rice,0.8137419033778768,0.06377739473036195,0.5216901740958007,0.15362762283095804
"(10.01167184110508, 105.6731589584983)",Non Rice,0.8132043921756479,0.06377739473036195,0.521476282935269,0.15338769163890692
"(10.011217612275422, 105.6731589584983)",Non Rice,0.8114649752622453,0.06377739473036195,0.5216334413835019,0.15257677412125853
"(10.010763383445761, 105.6731589584983)",Non Rice,0.8045546076789617,0.06377739473036195,0.5084694851027185,0.15659191336279243
"(10.0103091546161, 105.6731589584983)",Non Rice,0.7978126530164164,0.06377739473036195,0.5057011942968418,0.15454448956975606
"(10.009854925786442, 105.6731589584983)",Non Rice,0.7893923497112721,0.06377739473036195,0.5014274472285983,0.15265018121556806
"(10.009400696956781, 105.6731589584983)",Non Rice,0.7842473202091033,0.06377739473036195,0.49778106357090735,0.15135239631600747
"(10.008946468127121, 105.6731589584983)",Non Rice,0.7769043356122931,0.06377739473036195,0.48830017136929743,0.15293224322772742
"(10.00849223929746, 105.6731589584983)",Non Rice,0.7714023641198553,0.06377739473036195,0.48128660995285105,0.1553012141366834
"(10.008038010467802, 105.6731589584983)",Non Rice,0.7623287072390112,0.06377739473036195,0.4750090027137424,0.15998794009904954
"(10.007583781638141, 105.6731589584983)",Non Rice,0.7547158336671203,0.06377739473036195,0.47075269959439886,0.15837576832221506
"(10.013942985253381, 105.67361318732796)",Non Rice,0.8244622254364425,0.3236110408607133,0.5483864910940885,0.12747045357216022
"(10.01348875642372, 105.67361318732796)",Non Rice,0.8206587573919849,0.06377739473036195,0.5283114343341987,0.15397587081490333
"(10.013034527594062, 105.67361318732796)",Non Rice,0.8172243762426966,0.06377739473036195,0.525702703505824,0.15532163976103813
"(10.012580298764401, 105.67361318732796)",Non Rice,0.8178450379059353,0.06377739473036195,0.5258240125877309,0.1551262004660832
"(10.012126069934741, 105.67361318732796)",Non Rice,0.815966456016603,0.06377739473036195,0.5238590224571523,0.15472152275778286
