,Latitude and Longitude,Class of Land,max_ndvi,min_ndvi,target
0,"(10.323727047081501, 105.2516346045924)",Rice,0.9009753081128737,0.014292825143994861,1
1,"(10.322364360592521, 105.27843410554115)",Rice,0.8889404696886948,0.010549538708383455,1
2,"(10.321455902933202, 105.25254306225168)",Rice,0.881617481414733,0.030605871330418474,1
3,"(10.324181275911162, 105.25118037576274)",Rice,0.8770156372801431,-0.014807959278112013,1
4,"(10.324635504740822, 105.27389181724476)",Rice,0.8972558164759478,-0.025046655534819762,1
5,"(10.323727047081501, 105.28070524968936)",Rice,0.9115850605787523,0.05120741699008198,1
6,"(10.325089733570481, 105.23937042619212)",Rice,0.7923447654931869,-0.002187620640844246,1
7,"(10.324181275911162, 105.25390574874059)",Rice,0.8923740282629905,0.006711568001890603,1
8,"(10.321001674103542, 105.24436694331814)",Rice,0.9055073508586731,-0.0001222593528404645,1
9,"(10.321001674103542, 105.2416415703403)",Rice,0.8918710812891871,0.0295670714440391,1
10,"(10.324635504740822, 105.25572266405916",Rice,0.8724905085659737,-0.055940822931114194,1
11,"(10.321001674103542, 105.2334654514068)",Rice,0.8854754871931729,-0.008040828315464876,1
12,"(10.32327281825184, 105.26753261362978)",Rice,0.907924716751459,0.008493644492089506,1
13,"(10.324181275911162, 105.28115947851899)",Rice,0.9129324186250184,0.059311515681571204,1
14,"(10.321001674103542, 105.2598107235259)",Rice,0.8860570098597133,0.03601289687961089,1
15,"(10.32327281825184, 105.24073311268103)",Rice,0.8518807133223437,0.0753409289222408,1
16,"(10.324635504740822, 105.27843410554115)",Rice,0.9065031298809798,0.03585197062048321,1
17,"(10.324181275911162, 105.2348281378957)",Rice,0.633639244101645,0.027285113717087226,1
18,"(10.321455902933202, 105.23301122257715)",Rice,0.8830365465396396,-0.0161698116812401,1
19,"(10.323727047081501, 105.26026495235556)",Rice,0.8602239183043906,0.0468925603745033,1
20,"(10.325089733570481, 105.28025102085971)",Rice,0.9135129628686395,0.054870800225239255,1
21,"(10.32009321644422, 105.23210276491787)",Rice,0.8935631018753168,0.018648680629511322,1
22,"(10.322364360592521, 105.27797987671151)",Rice,0.8912223594851986,0.08592289783471235,1
23,"(10.32327281825184, 105.27752564788187)",Rice,0.9024124351570012,0.03962496083299184,1
24,"(10.324635504740822, 105.2652614694816)",Rice,0.9145020150406147,0.006326045298178355,1
25,"(10.320547445273881, 105.2266520189622)",Rice,0.7815058178177505,0.006384356783764611,1
26,"(10.323727047081501, 105.2652614694816)",Rice,0.9000147827606134,-0.03639202285916284,1
27,"(10.325089733570481, 105.23528236672536)",Rice,0.6437571448312249,0.04304440940434443,1
28,"(10.324635504740822, 105.26798684245944)",Rice,0.9107116371510785,-0.07288135593220335,1
29,"(10.32281858942218, 105.26435301182232)",Rice,0.8910171979076507,0.06430495469757569,1
30,"(10.325089733570481, 105.26344455416304)",Rice,0.8975305224959251,-0.02464111846211466,1
31,"(10.323727047081501, 105.24572962980707)",Rice,0.9139394483758588,0.010323621893869815,1
32,"(10.324635504740822, 105.2334654514068)",Rice,0.7285515464510415,-0.052682068910384496,1
33,"(10.325089733570481, 105.23164853608824)",Rice,0.8068652967876361,-0.01577624135763672,1
34,"(10.32327281825184, 105.26571569831123)",Rice,0.888062666742351,-0.005506880345774804,1
35,"(10.31963898761456, 105.23074007842897)",Rice,0.8975088189450081,-0.004566359514885677,1
36,"(10.320547445273881, 105.22983162076967)",Rice,0.8164642178732323,0.09335876369327083,1
37,"(10.32281858942218, 105.28115947851899)",Rice,0.8847524047025295,0.009282451745984972,1
38,"(10.321910131762861, 105.23028584959931)",Rice,0.8553251464888356,0.054932735426008995,1
39,"(10.324181275911162, 105.26071918118518)",Rice,0.9145497092953127,0.0068232421173598295,1
40,"(10.325089733570481, 105.26026495235556)",Rice,0.9184169824909385,0.00586376617852589,1
41,"(10.325089733570481, 105.2448211721478)",Rice,0.8768447550080735,0.03532907998919342,1
42,"(10.324181275911162, 105.24300425682924)",Rice,0.8815843554632573,-0.020930154802902168,1
43,"(10.32281858942218, 105.27570873256332)",Rice,0.8666220213181539,0.07833051403321019,1
44,"(10.323727047081501, 105.28252216500792)",Rice,0.9028119638994555,0.048035976286188005,1
45,"(10.31963898761456, 105.23937042619212)",Rice,0.8251046825671329,0.035624999999999976,1
46,"(10.32281858942218, 105.28161370734864)",Rice,0.8849554333806501,0.019731136166522122,1
47,"(10.324635504740822, 105.28161370734864)",Rice,0.9122896417225002,0.06168271828613204,1
48,"(10.32327281825184, 105.26117341001483)",Rice,0.8905541340048467,0.03429594494047625,1
49,"(10.32327281825184, 105.2788883343708)",Rice,0.9014380224220575,0.020114740662685846,1
50,"(10.324181275911162, 105.2516346045924)",Rice,0.882287300990022,0.0014039004752964875,1
51,"(10.323727047081501, 105.23982465502175)",Rice,0.8764886311423499,0.005202741762325543,1
52,"(10.31963898761456, 105.23028584959931)",Rice,0.9026202161611285,0.0030876784153801473,1
53,"(10.32327281825184, 105.28706445330431)",Rice,0.8928248205886476,-0.004084166097697237,1
54,"(10.324181275911162, 105.27752564788187)",Rice,0.9102553507974547,0.029973856906578476,1
55,"(10.323727047081501, 105.26480724065195)",Rice,0.9048934490923441,-0.01939237233354877,1
56,"(10.321910131762861, 105.2266520189622)",Rice,0.8923147722043258,-0.03710862002319285,1
57,"(10.324181275911162, 105.25072614693312)",Rice,0.8734166626001242,-0.03324683254464967,1
58,"(10.32327281825184, 105.27071221543727)",Rice,0.8725618058043711,0.005389168654474728,1
59,"(10.325089733570481, 105.25890226586662)",Rice,0.8303100743016065,0.08348021934978464,1
60,"(10.321455902933202, 105.25208883342202)",Rice,0.8447823589260872,0.01286486486486487,1
61,"(10.324635504740822, 105.26162763884446)",Rice,0.9169971620397316,0.0279473705873475,1
62,"(10.325089733570481, 105.28751868213396)",Rice,0.9161973094170403,0.009843703035767952,1
63,"(10.32009321644422, 105.24845500278491)",Rice,0.8775440125731341,0.04877243702835291,1
64,"(10.324181275911162, 105.23982465502175)",Rice,0.8640997604586049,0.009851076416574523,1
65,"(10.31963898761456, 105.23891619736247)",Rice,0.839188828604465,0.014280200694712477,1
66,"(10.325089733570481, 105.26389878299267)",Rice,0.9050105120571179,0.021445352070176883,1
67,"(10.321455902933202, 105.26117341001483)",Rice,0.7323863678267731,0.07579502389190966,1
68,"(10.319184758784901, 105.22710624779182)",Rice,0.8878998744267687,-0.02236757424117046,1
69,"(10.321001674103542, 105.25254306225168)",Rice,0.879105052262324,0.03417301308338217,1
70,"(10.321455902933202, 105.23164853608824)",Rice,0.8867662917886303,0.006577974395411457,1
71,"(10.324181275911162, 105.24936346044419)",Rice,0.7995671542998237,0.046192505727870745,1
72,"(10.324181275911162, 105.27979679203008)",Rice,0.9144557651568648,0.040884556513332816,1
73,"(10.324181275911162, 105.2598107235259)",Rice,0.8620212913037467,0.07670533001933168,1
74,"(10.324181275911162, 105.28706445330431)",Rice,0.9083276366759565,-0.012592805283235564,1
75,"(10.32281858942218, 105.27934256320043)",Rice,0.9018114125170872,0.010365117094649922,1
76,"(10.320547445273881, 105.22710624779182)",Rice,0.7871356088171481,-0.0020939777200770105,1
77,"(10.32327281825184, 105.26162763884446)",Rice,0.8945382455468018,0.0018077283786171621,1
78,"(10.324635504740822, 105.25208883342202)",Rice,0.8705831110143191,-0.03735325506937034,1
79,"(10.321001674103542, 105.25027191810346)",Rice,0.6971349748695915,0.07867796849796609,1
80,"(10.318730529955241, 105.22756047662148)",Rice,0.8822290786260547,-0.051281720485596004,1
81,"(10.31963898761456, 105.23255699374752)",Rice,0.9028905861501778,0.005759452490541409,1
82,"(10.323727047081501, 105.23800773970319)",Rice,0.5964959672751129,-0.0005693371289142297,1
83,"(10.323727047081501, 105.27797987671151)",Rice,0.9098586377822653,0.04530950861518828,1
84,"(10.323727047081501, 105.26844107128906)",Rice,0.909006449888046,4.57289189683452e-05,1
85,"(10.31963898761456, 105.2416415703403)",Rice,0.8912406824806854,0.08375295447538794,1
86,"(10.32327281825184, 105.25663112171844)",Rice,0.7607788344526073,0.23617853778711687,1
87,"(10.32327281825184, 105.27979679203008)",Rice,0.9109618662392837,0.023488754597032015,1
88,"(10.323727047081501, 105.28888136862287)",Rice,0.9119812376619066,0.000762776506483622,1
89,"(10.324635504740822, 105.26344455416304)",Rice,0.8916620331576517,-0.013147914032869794,1
90,"(10.324181275911162, 105.26208186767411)",Rice,0.8984711570642228,-0.017793763845549176,1
91,"(10.319184758784901, 105.23573659555498)",Rice,0.8053193058355046,-0.012511722592008064,1
92,"(10.320547445273881, 105.25435997757023)",Rice,0.9026758035568607,0.08714912421833935,1
93,"(10.31963898761456, 105.24255002799958)",Rice,0.886782905694588,-0.03291187195150824,1
94,"(10.320547445273881, 105.23619082438464)",Rice,0.783861499851121,-0.028740351453440616,1
95,"(10.324181275911162, 105.23709928204391)",Rice,0.6438207136640557,0.0054041054224963445,1
96,"(10.324635504740822, 105.26026495235556)",Rice,0.9159170761744926,-0.012033608658501812,1
97,"(10.32009321644422, 105.23846196853285)",Rice,0.797271965251848,0.10458964826994564,1
98,"(10.325089733570481, 105.25617689288879)",Rice,0.8793943537009293,-0.010206537961580997,1
99,"(10.321455902933202, 105.23074007842897)",Rice,0.8902592731903998,-0.02233832702457743,1
100,"(10.325089733570481, 105.26071918118518)",Rice,0.920843455904899,0.00922139363322902,1
101,"(10.323727047081501, 105.24073311268103)",Rice,0.8628728621643026,0.026027685053339206,1
102,"(10.323727047081501, 105.24345848565886)",Rice,0.8928437617085051,0.02707998338781988,1
103,"(10.325089733570481, 105.27979679203008)",Rice,0.9106437102528309,0.028589848496119463,1
104,"(10.323727047081501, 105.27752564788187)",Rice,0.9088642675683518,0.041538019674014465,1
105,"(10.318276301125582, 105.22619779013255)",Rice,0.8608078800583171,-0.00872455338595766,1
106,"(10.321455902933202, 105.22710624779182)",Rice,0.8977207906549936,-0.04516129032258067,1
107,"(10.325089733570481, 105.2666241559705)",Rice,0.9226551863708281,0.010228499038145806,1
108,"(10.321001674103542, 105.26026495235556)",Rice,0.862945836614637,0.03578947368421052,1
109,"(10.32009321644422, 105.24118734151068)",Rice,0.8985702445089101,0.039159326224694806,1
110,"(10.324635504740822, 105.2857017668154)",Rice,0.911448584378127,0.01845863937129276,1
111,"(10.32009321644422, 105.24209579916996)",Rice,0.8948349962277585,0.030676989347459094,1
112,"(10.32281858942218, 105.25572266405916)",Rice,0.7627061362746076,0.19145344443462992,1
113,"(10.324635504740822, 105.25663112171844)",Rice,0.8670274682912817,0.0036147140123325536,1
114,"(10.325089733570481, 105.25345151991095)",Rice,0.8998107352013407,0.01897254164557265,1
115,"(10.32327281825184, 105.27707141905222)",Rice,0.8966048697571464,0.03462292573286783,1
116,"(10.323727047081501, 105.22892316311038)",Rice,0.8847964842523804,0.0,1
117,"(10.32327281825184, 105.2334654514068)",Rice,0.6048376680561264,-0.008646444209095371,1
118,"(10.319184758784901, 105.23846196853285)",Rice,0.8649842653110628,0.03290496424499953,1
119,"(10.325089733570481, 105.26753261362978)",Rice,0.9140928061407692,-0.01625522218002282,1
120,"(10.318730529955241, 105.2334654514068)",Rice,0.8884178804620794,-0.01934372032497449,1
121,"(10.324635504740822, 105.28115947851899)",Rice,0.9136588642073581,0.06152092870525974,1
122,"(10.324181275911162, 105.27525450373366)",Rice,0.8923026359035037,-0.08199233716475096,1
123,"(10.319184758784901, 105.22846893428076)",Rice,0.8876964245046687,-0.04448573614602689,1
124,"(10.324181275911162, 105.24073311268103)",Rice,0.8675558271450776,-0.004600585529067359,1
125,"(10.323727047081501, 105.2788883343708)",Rice,0.907341225081035,0.053108026554013296,1
126,"(10.324181275911162, 105.26571569831123)",Rice,0.9137724402163451,-0.02281897711204866,1
127,"(10.32009321644422, 105.24800077395528)",Rice,0.8570639027856533,0.05174044220290903,1
128,"(10.32327281825184, 105.23164853608824)",Rice,0.682798021565291,-0.05918057663125951,1
129,"(10.318730529955241, 105.22983162076967)",Rice,0.8644762177885207,-0.031562661165549254,1
130,"(10.323727047081501, 105.24436694331814)",Rice,0.891054569617099,0.026523695998460564,1
131,"(10.324181275911162, 105.28206793617827)",Rice,0.9032486840649867,0.031638936198087324,1
132,"(10.325089733570481, 105.28524753798575)",Rice,0.9058053231220159,0.018674322474314525,1
133,"(10.320547445273881, 105.22756047662148)",Rice,0.7961213494929674,0.0393787852134798,1
134,"(10.32009321644422, 105.24527540097742)",Rice,0.9014671695986577,0.007463449545036271,1
135,"(10.324635504740822, 105.26980375777799)",Rice,0.9199592951765997,0.022535635414575404,1
136,"(10.323727047081501, 105.24527540097742)",Rice,0.9085821831869512,0.0048278699766836075,1
137,"(10.320547445273881, 105.23800773970319)",Rice,0.7458522599143068,0.0837726710894735,1
138,"(10.324635504740822, 105.26616992714088)",Rice,0.9263094363769898,0.003958408831154362,1
139,"(10.323727047081501, 105.27707141905222)",Rice,0.8984041905225971,0.026959784648013668,1
140,"(10.321001674103542, 105.23028584959931)",Rice,0.8954851079648095,-0.07100474683544297,1
141,"(10.319184758784901, 105.23437390906608)",Rice,0.8146902383679783,-0.05901639344262295,1
142,"(10.320547445273881, 105.25208883342202)",Rice,0.8032308509603514,0.10689629011455881,1
143,"(10.321910131762861, 105.24618385863673)",Rice,0.8191098970835747,0.08991669842652583,1
144,"(10.325089733570481, 105.26208186767411)",Rice,0.9183457632063603,0.034887379467342806,1
145,"(10.321455902933202, 105.2266520189622)",Rice,0.8944398111279025,-0.04516129032258067,1
146,"(10.32327281825184, 105.28797291096359)",Rice,0.8968668328877406,0.015068686583422426,1
147,"(10.318730529955241, 105.2348281378957)",Rice,0.7472583226007883,-0.04419410745233967,1
148,"(10.324181275911162, 105.24890923161456)",Rice,0.7460564337227101,0.13005376983912317,1
149,"(10.323727047081501, 105.2416415703403)",Rice,0.8719388529407706,0.010573398441118539,1
150,"(9.983509653666161, 105.50282314738331)",Rice,0.9548239255483327,0.03890272513986648,1
151,"(9.966248958139081, 105.52735150418388)",Rice,0.9242380688630101,0.08763003791300292,1
152,"(9.962160898672142, 105.52008384290963)",Rice,0.9608666299803141,0.0753127427607082,1
153,"(9.98169273834752, 105.53143956365062)",Rice,0.9480087777388232,0.0687392264190885,1
154,"(9.974425077072961, 105.48510822302734)",Rice,0.9602962068922162,0.07638219875636515,1
155,"(9.99259423025936, 105.51645001227251)",Rice,0.9503845414939174,0.04173253240594369,1
156,"(9.982601196006842, 105.54779180151766)",Rice,0.8948337595907929,0.14944188371188982,1
157,"(9.94490020314506, 105.52144652939856)",Rice,0.9388989960245266,0.05994288290996539,1
158,"(9.991685772600041, 105.49600971493871)",Rice,0.9526710165976603,0.04040668566587081,1
159,"(9.975787763561941, 105.49373857079053)",Rice,0.9568073895791321,0.010922986337254715,1
160,"(9.992140001429702, 105.51645001227251)",Rice,0.9480058088273431,0.023081219975421723,1
161,"(9.979421594199222, 105.50963657982791)",Rice,0.9453882415725339,0.03987522683334719,1
162,"(9.976241992391602, 105.48601668068665)",Rice,0.9504015914796294,0.10947618362354294,1
163,"(9.983509653666161, 105.52871419067279)",Rice,0.9494943333617987,0.10087401821501496,1
164,"(9.990777314940722, 105.49964354557582)",Rice,0.9346065121204099,0.07352544097054337,1
165,"(9.95443900856792, 105.52825996184316)",Rice,0.9508163387357214,0.08368303826042058,1
166,"(9.994411145578, 105.50872812216863)",Rice,0.9410987404408458,0.048399972629610204,1
167,"(9.98805194196276, 105.51054503748719)",Rice,0.9408650321739839,0.037709881640517535,1
168,"(9.947171347293361, 105.51735846993179)",Rice,0.953183486626877,0.03918356504029044,1
169,"(9.97669622122126, 105.53734453843595)",Rice,0.7332551854384424,0.23739557774915634,1
170,"(9.952622093249282, 105.51554155461324)",Rice,0.9560132924076001,0.04224638713455848,1
171,"(9.964886271650101, 105.50009777440548)",Rice,0.9513854132119274,0.02970610909772102,1
172,"(9.98941462845174, 105.52962264833207)",Rice,0.9314060562573562,0.04011258710053893,1
173,"(9.95943552569418, 105.50691120685008)",Rice,0.9376862419168474,0.09005714018626063,1
174,"(9.971245475265341, 105.49600971493871)",Rice,0.9346525806033179,0.0980135430944539,1
175,"(9.97533353473228, 105.53371070779883)",Rice,0.9098310677522327,0.16828378768399227,1
176,"(9.980330051858541, 105.51009080865757)",Rice,0.9556587016556678,0.037037037037037125,1
177,"(9.966248958139081, 105.53280225013955)",Rice,0.9190900156096433,0.108557492933845,1
178,"(9.977150450050921, 105.50827389333898)",Rice,0.9142668659208101,0.1329221999729733,1
179,"(9.97987582302888, 105.49600971493871)",Rice,0.9588511177296224,0.06713673311625952,1
180,"(9.966248958139081, 105.49782663025726)",Rice,0.9568230443433947,0.041707771915196964,1
181,"(9.977604678880581, 105.51508732578358)",Rice,0.9441448692152917,0.06426476944824126,1
182,"(9.985326568984801, 105.50645697802042)",Rice,0.9329337155764053,0.09592398266662217,1
183,"(9.98805194196276, 105.4991893167462)",Rice,0.9557698059431022,0.07055595233620272,1
184,"(9.985780797814462, 105.54506642853983)",Rice,0.9489513720784281,-0.018867310757620152,1
185,"(9.986689255473781, 105.51099926631684)",Rice,0.9360365827840742,0.10754483215933089,1
186,"(9.99123154377038, 105.51327041046503)",Rice,0.9183905645840684,0.06284038007780114,1
187,"(9.974425077072961, 105.50827389333898)",Rice,0.8905481238159041,0.11782722609690396,1
188,"(9.969882788776362, 105.49646394376836)",Rice,0.9074357818837315,0.103561475199617,1
189,"(9.956710152716221, 105.51645001227251)",Rice,0.9383749168587295,0.04581989918713958,1
190,"(9.983509653666161, 105.53416493662849)",Rice,0.9439917670561172,0.07630813953488366,1
191,"(9.976241992391602, 105.48556245185699)",Rice,0.9497579428358944,0.09371907118385994,1
192,"(9.9512594067603, 105.51463309695396)",Rice,0.9439623786407766,0.04448439017335071,1
193,"(9.972608161754321, 105.53461916545811)",Rice,0.9466746012238192,0.09434278999496384,1
194,"(9.9785131365399, 105.52825996184316)",Rice,0.9299469064629833,0.07915471419817689,1
195,"(9.996682289726301, 105.5005520032351)",Rice,0.8780702821011672,0.10045339489861194,1
196,"(9.99259423025936, 105.52008384290963)",Rice,0.9451080241135281,0.050467688141033626,1
197,"(9.996228060896641, 105.51463309695396)",Rice,0.8721440043988482,0.18886675368093242,1
198,"(9.989868857281401, 105.52053807173928)",Rice,0.9610106676015425,0.05245150897932559,1
199,"(9.977150450050921, 105.5128161816354)",Rice,0.9047754669021054,0.0766064222199096,1
200,"(9.953530550908601, 105.52871419067279)",Rice,0.9106344475196934,0.1245422428325077,1
201,"(9.973062390583982, 105.5209923005689)",Rice,0.9442745314668356,0.08191647492415137,1
202,"(9.990323086111061, 105.51054503748719)",Rice,0.9481991463675283,0.06022145915147376,1
203,"(9.954893237397581, 105.52508036003567)",Rice,0.948013257364168,0.08059955738311496,1
204,"(9.969428559946701, 105.50191468972403)",Rice,0.9504184765335311,0.06750957559919553,1
205,"(9.972608161754321, 105.48965051132376)",Rice,0.9523806626304421,0.03470555772581564,1
206,"(9.958072839205201, 105.52144652939856)",Rice,0.8973362812480132,0.12638174656778497,1
207,"(9.973970848243301, 105.48737936717555)",Rice,0.9572549168214028,0.04929802169751112,1
208,"(9.974879305902622, 105.48692513834592)",Rice,0.9530226464533033,0.07472241551447675,1
209,"(9.97987582302888, 105.5141788681243)",Rice,0.8975386950358671,0.11681728547405608,1
210,"(9.99123154377038, 105.50191468972403)",Rice,0.9480271900590695,0.0511838464139563,1
211,"(9.95943552569418, 105.5323480213099)",Rice,0.9072952482340925,0.13711478338543995,1
212,"(9.9626151275018, 105.52326344471712)",Rice,0.9505970881727465,0.03430508836563621,1
213,"(9.952167864419621, 105.52689727535423)",Rice,0.9545678831849999,0.13153504839935995,1
214,"(9.985780797814462, 105.54688334385838)",Rice,0.9146796248163634,0.08809003641178417,1
215,"(9.977150450050921, 105.51009080865757)",Rice,0.8816372358885373,0.06176527160200493,1
216,"(9.985780797814462, 105.50918235099826)",Rice,0.9183738150805314,0.10037333573227776,1
217,"(9.984418111325482, 105.5073654356797)",Rice,0.9430502068689067,0.07949407307833313,1
218,"(9.94807980495268, 105.51735846993179)",Rice,0.9565441377011425,0.045445217912897955,1
219,"(9.974879305902622, 105.49010474015338)",Rice,0.925591576199637,0.08257964325944073,1
220,"(9.969428559946701, 105.49555548610908)",Rice,0.9477670660198558,0.08119199063401443,1
221,"(9.999861891533921, 105.50645697802042)",Rice,0.8531608671889231,0.1102866090271632,1
222,"(9.957164381545882, 105.53053110599134)",Rice,0.9398547051866869,0.03079131500033823,1
223,"(9.958981296864522, 105.51690424110214)",Rice,0.9504517633343048,0.06321533904431662,1
224,"(9.950805177930642, 105.51463309695396)",Rice,0.9501192985459487,0.08837625894482075,1
225,"(9.959889754523841, 105.53007687716172)",Rice,0.9134504391468005,0.10878789103315302,1
226,"(9.995319603237322, 105.50146046089439)",Rice,0.9484990958408681,0.051126872415587235,1
227,"(9.9785131365399, 105.50918235099826)",Rice,0.8313249507297811,0.06455219623502562,1
228,"(9.959889754523841, 105.52508036003567)",Rice,0.94404041390082,0.06529324020665414,1
229,"(9.972608161754321, 105.48874205366448)",Rice,0.957092840190803,0.054962042788129786,1
230,"(9.966703186968742, 105.50009777440548)",Rice,0.9328093518464875,0.05974168453597964,1
231,"(9.966703186968742, 105.53189379248028)",Rice,0.9384175547230145,0.09391529119718509,1
232,"(9.987597713133102, 105.50509429153152)",Rice,0.9500801465536982,0.0869429887247896,1
233,"(9.9467171184637, 105.5241719023764)",Rice,0.9532679421190638,0.03437159722620209,1
234,"(9.982146967177181, 105.52780573301351)",Rice,0.8733232836812386,0.1908065505686913,1
235,"(9.984418111325482, 105.49146742664232)",Rice,0.8586621426877541,0.0829120402566046,1
236,"(9.977604678880581, 105.52462613120602)",Rice,0.9355642105820946,0.045498592946904046,1
237,"(9.961252441012821, 105.51872115642072)",Rice,0.9563199428761372,0.14010689201667736,1
238,"(9.984418111325482, 105.50918235099826)",Rice,0.9413454684226065,0.07445690259285212,1
239,"(9.955347466227241, 105.52598881769495)",Rice,0.9438101882339135,0.07851962820469173,1
240,"(9.97987582302888, 105.54052414024343)",Rice,0.9100694597412513,0.10206160243006665,1
241,"(9.958527068034861, 105.52462613120602)",Rice,0.945625420965498,0.0379327157484154,1
242,"(9.985326568984801, 105.53416493662849)",Rice,0.9305372791667833,0.07242376160149541,1
243,"(9.987597713133102, 105.52553458886531)",Rice,0.939208493425361,0.09294063717625481,1
244,"(9.978967365369561, 105.52553458886531)",Rice,0.9508534043844145,0.0746997431328536,1
245,"(9.977604678880581, 105.4878335960052)",Rice,0.9580678231853178,0.07175423738645191,1
246,"(9.974879305902622, 105.52371767354674)",Rice,0.9003846012966557,0.10497880594870317,1
247,"(9.994865374407661, 105.51099926631684)",Rice,0.94504305457467,0.05245923549852983,1
248,"(9.977604678880581, 105.53825299609522)",Rice,0.8174800736242083,0.14876394158905373,1
249,"(9.97351661941364, 105.54279528439164)",Rice,0.9440871644964124,0.006408279359857503,1
250,"(9.99577383206698, 105.50554852036115)",Rice,0.9032763955410504,0.037486910994764394,1
251,"(9.974879305902622, 105.48647090951627)",Rice,0.9546892432893616,0.06871271259386783,1
252,"(9.9671574157984, 105.52326344471712)",Rice,0.9613116885126667,0.05784801799680022,1
253,"(9.980784280688201, 105.5264430465246)",Rice,0.9399864650884696,0.14034157208019518,1
254,"(9.964432042820441, 105.4991893167462)",Rice,0.9480209888890413,0.05400466317978447,1
255,"(9.981238509517862, 105.5060027491908",Rice,0.9558331644030004,0.05526903290516712,1
256,"(9.98805194196276, 105.50554852036115)",Rice,0.9500683144950938,0.05324446355622445,1
257,"(9.986689255473781, 105.49146742664232)",Rice,0.9343484242698455,0.07202067552891692,1
258,"(9.969428559946701, 105.49737240142764)",Rice,0.8870923540696081,0.10774360370168758,1
259,"(9.987597713133102, 105.50009777440548)",Rice,0.9554737948640939,0.07373636493339736,1
260,"(9.977150450050921, 105.54279528439164)",Rice,0.7695859080900632,-0.05475285171102662,1
261,"(9.973062390583982, 105.49101319781266)",Rice,0.9327997146105995,0.08619524763813338,1
262,"(9.952167864419621, 105.52190075822818)",Rice,0.9481419874247313,0.06115525176805154,1
263,"(9.985326568984801, 105.49782663025726)",Rice,0.9585591975277371,0.0415518974452698,1
264,"(9.976241992391602, 105.48647090951627)",Rice,0.9327711615414506,0.12185315428578368,1
265,"(9.979421594199222, 105.49555548610908)",Rice,0.9597854887990162,0.07011794795674857,1
266,"(9.984418111325482, 105.54506642853983)",Rice,0.9528482590328252,-0.02673946521069575,1
267,"(9.972608161754321, 105.53734453843595)",Rice,0.913647627817832,0.07132686084142402,1
268,"(9.980784280688201, 105.49646394376836)",Rice,0.9625320839904754,0.06071457357021956,1
269,"(9.98487234015514, 105.50146046089439)",Rice,0.8569518806387252,0.06032137236002486,1
270,"(9.961252441012821, 105.52598881769495)",Rice,0.9472306498716405,0.06625799129213664,1
271,"(9.94989672027132, 105.51826692759107)",Rice,0.9581570545106012,0.05438774034986266,1
272,"(9.98941462845174, 105.50827389333898)",Rice,0.9427734826496803,0.05884686745160281,1
273,"(9.97533353473228, 105.48556245185699)",Rice,0.9559851419898551,0.08719444592663729,1
274,"(9.9830554248365, 105.53870722492488)",Rice,0.930641304854576,0.06345227084651703,1
275,"(9.98805194196276, 105.5377987672656)",Rice,0.9390100359311114,0.0808610805269752,1
276,"(9.982146967177181, 105.49646394376836)",Rice,0.9427144574652205,0.06117412213047814,1
277,"(9.986689255473781, 105.50373160504259)",Rice,0.9101346999355905,0.07744933221257123,1
278,"(9.994411145578, 105.51781269876145)",Rice,0.9436024340160514,0.024005414437088878,1
279,"(9.982601196006842, 105.50327737621296)",Rice,0.950141493747294,0.03760524975279421,1
280,"(9.978967365369561, 105.50418583387224)",Rice,0.9536315536315535,-0.00699332732741907,1
281,"(10.001224578022901, 105.50464006270187)",Rice,0.9457118424319328,0.06653892652660877,1
282,"(9.96897433111704, 105.52371767354674)",Rice,0.9539625568696015,0.06852122567145355,1
283,"(9.950805177930642, 105.52008384290963)",Rice,0.9590697144376595,0.06255666364460565,1
284,"(9.98941462845174, 105.4991893167462)",Rice,0.9418304528250261,0.03835284618490111,1
285,"(9.97351661941364, 105.53643608077667)",Rice,0.926258850987999,0.07245282099389623,1
286,"(9.97533353473228, 105.52144652939856)",Rice,0.9310523128839782,0.07776913033131154,1
287,"(9.9671574157984, 105.49373857079053)",Rice,0.8699495120399573,0.12976640429048636,1
288,"(9.967611644628061, 105.50827389333898)",Rice,0.9617778159277496,0.07078413821519403,1
289,"(9.982601196006842, 105.51690424110214)",Rice,0.8559035677256215,0.1710000579072326,1
290,"(9.9830554248365, 105.53825299609522)",Rice,0.8567434961204929,0.08841465309852242,1
291,"(9.968520102287382, 105.4946470284498)",Rice,0.9439909187518115,0.09241264261669997,1
292,"(9.974425077072961, 105.50645697802042)",Rice,0.8587587893610517,0.1543600844490767,1
293,"(9.96397781399078, 105.52371767354674)",Rice,0.9398863935597938,0.06715202605613559,1
294,"(9.991685772600041, 105.51645001227251)",Rice,0.9492991193640952,0.03993809631570878,1
295,"(9.985780797814462, 105.50872812216863)",Rice,0.8889741307883512,0.13041053723386453,1
296,"(9.981238509517862, 105.50373160504259)",Rice,0.9179109395938753,0.10323548106413569,1
297,"(9.971699704095002, 105.4923758843016)",Rice,0.9563390328481329,0.02135793093444142,1
298,"(9.95307632207894, 105.51599578344286)",Rice,0.9572120740333123,0.06070138040398266,1
299,"(9.97987582302888, 105.51554155461324)",Rice,0.9519790622748243,0.061672083469084454,1
300,"(10.481616988271316, 104.91150805695796)",Non Rice,0.8779359430604983,0.4320047937551622,0
301,"(10.481162759441657, 104.91150805695796)",Non Rice,0.883114401111012,0.466354470916713,0
302,"(10.480708530611997, 104.91150805695796)",Non Rice,0.8818298993144416,0.46290593676771896,0
303,"(10.480254301782336, 104.91150805695796)",Non Rice,0.8851792301144426,0.4590588166362314,0
304,"(10.479800072952678, 104.91150805695796)",Non Rice,0.8843771417381939,0.4429000355887941,0
305,"(10.479345844123017, 104.91150805695796)",Non Rice,0.8861245707615674,0.24764542936288092,0
306,"(10.478891615293357, 104.91150805695796)",Non Rice,0.8848376686424457,0.2580613735996103,0
307,"(10.478437386463696, 104.91150805695796)",Non Rice,0.8839638002196221,0.29646240170544824,0
308,"(10.477983157634037, 104.91150805695796)",Non Rice,0.8941482317162898,0.3187293373580566,0
309,"(10.477528928804377, 104.91150805695796)",Non Rice,0.895487231206007,0.3340167704965433,0
310,"(10.477074699974716, 104.91150805695796)",Non Rice,0.8882326602844289,0.2980262987265606,0
311,"(10.476620471145058, 104.91150805695796)",Non Rice,0.8912301655007678,0.2970937444621656,0
312,"(10.476166242315397, 104.91150805695796)",Non Rice,0.8942482915717539,0.20358671285918073,0
313,"(10.475712013485737, 104.91150805695796)",Non Rice,0.9006765221748936,0.37128473665876327,0
314,"(10.475257784656076, 104.91150805695796)",Non Rice,0.9100636447013701,0.2540674026728646,0
315,"(10.474803555826417, 104.91150805695796)",Non Rice,0.9162448106763116,0.24398898353935825,0
316,"(10.474349326996757, 104.91150805695796)",Non Rice,0.9114052615157892,0.23566049164028663,0
317,"(10.473895098167096, 104.91150805695796)",Non Rice,0.907587286169122,0.22446369087275145,0
318,"(10.473440869337438, 104.91150805695796)",Non Rice,0.895407957388427,0.2834438449211227,0
319,"(10.472986640507777, 104.91150805695796)",Non Rice,0.8819287276075031,0.24904453630762025,0
320,"(10.472532411678117, 104.91150805695796)",Non Rice,0.8802502923074947,0.3178551686014373,0
321,"(10.472078182848456, 104.91150805695796)",Non Rice,0.8859504458037938,0.47279243544596355,0
322,"(10.471623954018797, 104.91150805695796)",Non Rice,0.8825231391459905,0.4221569450272765,0
323,"(10.481616988271316, 104.91196228578761)",Non Rice,0.8877975041390458,0.4762302254590033,0
324,"(10.481162759441657, 104.91196228578761)",Non Rice,0.8839506803155234,0.4765459866117785,0
325,"(10.480708530611997, 104.91196228578761)",Non Rice,0.8745159402757415,0.4576021235805928,0
326,"(10.480254301782336, 104.91196228578761)",Non Rice,0.8880767412011079,0.46022211295245435,0
327,"(10.479800072952678, 104.91196228578761)",Non Rice,0.8959670671709227,0.3044925124792013,0
328,"(10.479345844123017, 104.91196228578761)",Non Rice,0.8902027371209291,0.29364747432501515,0
329,"(10.478891615293357, 104.91196228578761)",Non Rice,0.8843021920760249,0.26790015017142205,0
330,"(10.478437386463696, 104.91196228578761)",Non Rice,0.8861228382784602,0.2738665683744932,0
331,"(10.477983157634037, 104.91196228578761)",Non Rice,0.8942773325098606,0.2956296566953151,0
332,"(10.477528928804377, 104.91196228578761)",Non Rice,0.8887005649717515,0.3159872541478958,0
333,"(10.477074699974716, 104.91196228578761)",Non Rice,0.8718205308201277,0.23319615912208502,0
334,"(10.476620471145058, 104.91196228578761)",Non Rice,0.8735972867359728,0.14848302190074336,0
335,"(10.476166242315397, 104.91196228578761)",Non Rice,0.8906223114425008,0.3376798995460253,0
336,"(10.475712013485737, 104.91196228578761)",Non Rice,0.9028990861500499,0.3345533397676139,0
337,"(10.475257784656076, 104.91196228578761)",Non Rice,0.9108924440389692,0.2735166425470333,0
338,"(10.474803555826417, 104.91196228578761)",Non Rice,0.9130377977240361,0.23705758949719158,0
339,"(10.474349326996757, 104.91196228578761)",Non Rice,0.9059263389196812,0.23073044972787166,0
340,"(10.473895098167096, 104.91196228578761)",Non Rice,0.8985819096259041,0.2235386119257087,0
341,"(10.473440869337438, 104.91196228578761)",Non Rice,0.8972294326428988,0.2665314401622718,0
342,"(10.472986640507777, 104.91196228578761)",Non Rice,0.8865555694775091,0.39852696362810874,0
343,"(10.472532411678117, 104.91196228578761)",Non Rice,0.885117399805081,0.34282966702728696,0
344,"(10.472078182848456, 104.91196228578761)",Non Rice,0.8850051235341,0.461208167037099,0
345,"(10.471623954018797, 104.91196228578761)",Non Rice,0.8846202725634872,0.3661870503597122,0
346,"(10.471169725189137, 104.91196228578761)",Non Rice,0.8943539884376702,0.3661870503597122,0
347,"(10.470715496359476, 104.91196228578761)",Non Rice,0.8920342330480578,0.4978105645193104,0
348,"(10.470261267529818, 104.91196228578761)",Non Rice,0.8867978635695594,0.457989832681698,0
349,"(10.469807038700157, 104.91196228578761)",Non Rice,0.8896520738738862,0.4248909487459105,0
350,"(10.469352809870497, 104.91196228578761)",Non Rice,0.8919595325457592,0.4209291412482402,0
351,"(10.468898581040836, 104.91196228578761)",Non Rice,0.8893569392030373,0.2858256318895446,0
352,"(10.468444352211177, 104.91196228578761)",Non Rice,0.8848334847582945,0.35933894141293826,0
353,"(10.467990123381517, 104.91196228578761)",Non Rice,0.8830651485210625,0.40061878083451785,0
354,"(10.467535894551856, 104.91196228578761)",Non Rice,0.8884485981308412,0.4831930030676849,0
355,"(10.467081665722198, 104.91196228578761)",Non Rice,0.8948317796390894,0.4657791878587665,0
356,"(10.466627436892537, 104.91196228578761)",Non Rice,0.8864652943478161,0.43086641191608827,0
357,"(10.466173208062877, 104.91196228578761)",Non Rice,0.8678576976852571,0.47324325918933274,0
358,"(10.465718979233216, 104.91196228578761)",Non Rice,0.8644141689373298,0.4808563491491403,0
359,"(10.465264750403557, 104.91196228578761)",Non Rice,0.8708899191728552,0.4037113402061856,0
360,"(10.464810521573897, 104.91196228578761)",Non Rice,0.8750092278920215,0.5233418256193644,0
361,"(10.464356292744236, 104.91196228578761)",Non Rice,0.8768151764196996,0.5051122583236018,0
362,"(10.463902063914578, 104.91196228578761)",Non Rice,0.8665106871789089,0.46445935406791194,0
363,"(10.463447835084917, 104.91196228578761)",Non Rice,0.8646471342720029,0.4632923533002006,0
364,"(10.462993606255257, 104.91196228578761)",Non Rice,0.880915096469697,0.28708352350524874,0
365,"(10.462539377425596, 104.91196228578761)",Non Rice,0.89378376721745,0.44328200305630666,0
366,"(10.462085148595937, 104.91196228578761)",Non Rice,0.9025460624847619,0.3790991362995079,0
367,"(10.461630919766277, 104.91196228578761)",Non Rice,0.8966747015125244,0.2879406232386954,0
368,"(10.461176690936616, 104.91196228578761)",Non Rice,0.8961250753359096,0.24527426823156273,0
369,"(10.460722462106958, 104.91196228578761)",Non Rice,0.8777161829662349,0.2502660825227098,0
370,"(10.460268233277297, 104.91196228578761)",Non Rice,0.8745721991795289,0.2735699238373035,0
371,"(10.459814004447637, 104.91196228578761)",Non Rice,0.8464741921274977,0.2770810520443793,0
372,"(10.459359775617976, 104.91196228578761)",Non Rice,0.8464366358990612,0.3011453779548315,0
373,"(10.458905546788317, 104.91196228578761)",Non Rice,0.8839702710670453,0.32752712735579664,0
374,"(10.482071217100977, 104.91241651461723)",Non Rice,0.8929657098578837,0.47263112762612547,0
375,"(10.481616988271316, 104.91241651461723)",Non Rice,0.9020937407018808,0.5027027027027027,0
376,"(10.481162759441657, 104.91241651461723)",Non Rice,0.8937671072182686,0.48537974948682505,0
377,"(10.480708530611997, 104.91241651461723)",Non Rice,0.8850412368533884,0.4664833535516915,0
378,"(10.480254301782336, 104.91241651461723)",Non Rice,0.890288949494252,0.24795101572216732,0
379,"(10.479800072952678, 104.91241651461723)",Non Rice,0.8961639395509925,0.2050623090723948,0
380,"(10.479345844123017, 104.91241651461723)",Non Rice,0.887148834429169,0.21373834729025123,0
381,"(10.478891615293357, 104.91241651461723)",Non Rice,0.8861233774923057,0.22650621077912353,0
382,"(10.478437386463696, 104.91241651461723)",Non Rice,0.884726279269826,0.24357695522066153,0
383,"(10.477983157634037, 104.91241651461723)",Non Rice,0.8824844698096708,0.21374350779065124,0
384,"(10.477528928804377, 104.91241651461723)",Non Rice,0.8818196535535049,0.4093465589528582,0
385,"(10.477074699974716, 104.91241651461723)",Non Rice,0.8752698828442997,0.38275487663334457,0
386,"(10.476620471145058, 104.91241651461723)",Non Rice,0.8720713156413853,0.3790756588482916,0
387,"(10.476166242315397, 104.91241651461723)",Non Rice,0.890411686116985,0.34355174947883077,0
388,"(10.475712013485737, 104.91241651461723)",Non Rice,0.9065666854492653,0.3192704447817251,0
389,"(10.475257784656076, 104.91241651461723)",Non Rice,0.9134190792748527,0.3030035335689045,0
390,"(10.474803555826417, 104.91241651461723)",Non Rice,0.9083267040095789,0.240173119108318,0
391,"(10.474349326996757, 104.91241651461723)",Non Rice,0.9001583019330673,0.240173119108318,0
392,"(10.473895098167096, 104.91241651461723)",Non Rice,0.8952537288087622,0.23925925925925923,0
393,"(10.473440869337438, 104.91241651461723)",Non Rice,0.8962875936217412,0.4631039245240182,0
394,"(10.472986640507777, 104.91241651461723)",Non Rice,0.8939583302701034,0.49614152511586423,0
395,"(10.472532411678117, 104.91241651461723)",Non Rice,0.8931612903225806,0.5237944413651121,0
396,"(10.472078182848456, 104.91241651461723)",Non Rice,0.8912091613337824,0.5080671715508726,0
397,"(10.471623954018797, 104.91241651461723)",Non Rice,0.891807385329908,0.4182673556942278,0
398,"(10.471169725189137, 104.91241651461723)",Non Rice,0.9004229585819804,0.40490131744990154,0
399,"(10.470715496359476, 104.91241651461723)",Non Rice,0.8916614643717113,0.41851787935230866,0
400,"(10.325089733570481, 105.4923758843016)",Non Rice,0.0,0.0,0
401,"(10.325089733570481, 105.49283011313122)",Non Rice,0.0,0.0,0
402,"(10.324635504740822, 105.49283011313122)",Non Rice,0.0,0.0,0
403,"(10.325089733570481, 105.49328434196087)",Non Rice,0.0,0.0,0
404,"(10.324635504740822, 105.49328434196087)",Non Rice,0.0,0.0,0
405,"(10.324181275911162, 105.49328434196087)",Non Rice,0.0,0.0,0
406,"(10.325089733570481, 105.49373857079053)",Non Rice,0.0,0.0,0
407,"(10.324635504740822, 105.49373857079053)",Non Rice,0.0,0.0,0
408,"(10.324181275911162, 105.49373857079053)",Non Rice,0.0,0.0,0
409,"(10.323727047081501, 105.49373857079053)",Non Rice,0.0,0.0,0
410,"(10.325089733570481, 105.49419279962015)",Non Rice,0.0,0.0,0
411,"(10.324635504740822, 105.49419279962015)",Non Rice,0.0,0.0,0
412,"(10.324181275911162, 105.49419279962015)",Non Rice,0.0,0.0,0
413,"(10.323727047081501, 105.49419279962015)",Non Rice,0.0,0.0,0
414,"(10.32327281825184, 105.49419279962015)",Non Rice,0.0,0.0,0
415,"(10.325089733570481, 105.4946470284498)",Non Rice,0.0,0.0,0
416,"(10.324635504740822, 105.4946470284498)",Non Rice,0.0,0.0,0
417,"(10.324181275911162, 105.4946470284498)",Non Rice,0.0,0.0,0
418,"(10.323727047081501, 105.4946470284498)",Non Rice,0.0,0.0,0
419,"(10.32327281825184, 105.4946470284498)",Non Rice,0.0,0.0,0
420,"(10.32281858942218, 105.4946470284498)",Non Rice,0.0,0.0,0
421,"(10.325089733570481, 105.49510125727943)",Non Rice,0.0,0.0,0
422,"(10.324635504740822, 105.49510125727943)",Non Rice,0.0,0.0,0
423,"(10.324181275911162, 105.49510125727943)",Non Rice,0.0,0.0,0
424,"(10.323727047081501, 105.49510125727943)",Non Rice,0.0,0.0,0
425,"(10.32327281825184, 105.49510125727943)",Non Rice,0.0,0.0,0
426,"(10.32281858942218, 105.49510125727943)",Non Rice,0.0,0.0,0
427,"(10.322364360592521, 105.49510125727943)",Non Rice,0.0,0.0,0
428,"(10.321910131762861, 105.49510125727943)",Non Rice,0.0,0.0,0
429,"(10.325089733570481, 105.49555548610908)",Non Rice,0.0,0.0,0
430,"(10.324635504740822, 105.49555548610908)",Non Rice,0.0,0.0,0
431,"(10.324181275911162, 105.49555548610908)",Non Rice,0.0,0.0,0
432,"(10.323727047081501, 105.49555548610908)",Non Rice,0.0,0.0,0
433,"(10.32327281825184, 105.49555548610908)",Non Rice,0.0,0.0,0
434,"(10.32281858942218, 105.49555548610908)",Non Rice,0.0,0.0,0
435,"(10.322364360592521, 105.49555548610908)",Non Rice,0.0,0.0,0
436,"(10.321910131762861, 105.49555548610908)",Non Rice,0.0,0.0,0
437,"(10.321455902933202, 105.49555548610908)",Non Rice,0.0,0.0,0
438,"(10.325089733570481, 105.49600971493871)",Non Rice,0.0,0.0,0
439,"(10.324635504740822, 105.49600971493871)",Non Rice,0.0,0.0,0
440,"(10.324181275911162, 105.49600971493871)",Non Rice,0.0,0.0,0
441,"(10.323727047081501, 105.49600971493871)",Non Rice,0.0,0.0,0
442,"(10.32327281825184, 105.49600971493871)",Non Rice,0.0,0.0,0
443,"(10.32281858942218, 105.49600971493871)",Non Rice,0.0,0.0,0
444,"(10.322364360592521, 105.49600971493871)",Non Rice,0.0,0.0,0
445,"(10.321910131762861, 105.49600971493871)",Non Rice,0.0,0.0,0
446,"(10.321455902933202, 105.49600971493871)",Non Rice,0.0,0.0,0
447,"(10.321001674103542, 105.49600971493871)",Non Rice,0.0,0.0,0
448,"(10.325089733570481, 105.49646394376836)",Non Rice,0.0,0.0,0
449,"(10.324635504740822, 105.49646394376836)",Non Rice,0.0,0.0,0
450,"(10.474349326996757, 105.53107618058692)",Non Rice,0.8807077834241216,0.2207179121760043,0
451,"(10.473895098167096, 105.53107618058692)",Non Rice,0.887060364898241,0.10543337645536871,0
452,"(10.474349326996757, 105.53153040941655)",Non Rice,0.8807685709384113,0.17215326497571512,0
453,"(10.473895098167096, 105.53153040941655)",Non Rice,0.8875883249930199,0.1854383358098069,0
454,"(10.473440869337438, 105.53153040941655)",Non Rice,0.8901376486259805,0.2537810556367468,0
455,"(10.474803555826417, 105.5319846382462)",Non Rice,0.8660534202936798,0.11021654106648857,0
456,"(10.474349326996757, 105.5319846382462)",Non Rice,0.8804185887885695,0.12447356106691623,0
457,"(10.473895098167096, 105.5319846382462)",Non Rice,0.8863839264737668,0.10861723446893784,0
458,"(10.473440869337438, 105.5319846382462)",Non Rice,0.8845196711628404,0.2036115717707758,0
459,"(10.472986640507777, 105.5319846382462)",Non Rice,0.8703353013256099,0.2036115717707758,0
460,"(10.472532411678117, 105.5319846382462)",Non Rice,0.8602937070746552,0.20118093631379164,0
461,"(10.474803555826417, 105.53243886707584)",Non Rice,0.8562118743606258,0.0830762684820763,0
462,"(10.474349326996757, 105.53243886707584)",Non Rice,0.8690532433612935,0.23258573026117857,0
463,"(10.473895098167096, 105.53243886707584)",Non Rice,0.8805924513709656,0.24723406173464021,0
464,"(10.473440869337438, 105.53243886707584)",Non Rice,0.8844474663612941,0.2036115717707758,0
465,"(10.472986640507777, 105.53243886707584)",Non Rice,0.8707026125335581,0.2036115717707758,0
466,"(10.472532411678117, 105.53243886707584)",Non Rice,0.8364046700904519,0.20118093631379164,0
467,"(10.472078182848456, 105.53243886707584)",Non Rice,0.8316500782873832,0.2795872479777577,0
468,"(10.475257784656076, 105.53289309590548)",Non Rice,0.858835076644759,0.11025537089582486,0
469,"(10.474803555826417, 105.53289309590548)",Non Rice,0.851707006726982,0.10276243093922648,0
470,"(10.474349326996757, 105.53289309590548)",Non Rice,0.8603816095191156,0.21548289696241113,0
471,"(10.473895098167096, 105.53289309590548)",Non Rice,0.8699761962258945,0.23323519790644423,0
472,"(10.473440869337438, 105.53289309590548)",Non Rice,0.88025352494577,0.20549738219895286,0
473,"(10.472986640507777, 105.53289309590548)",Non Rice,0.8684757997810995,0.20549738219895286,0
474,"(10.472532411678117, 105.53289309590548)",Non Rice,0.8389775924607612,0.2997764699634531,0
475,"(10.472078182848456, 105.53289309590548)",Non Rice,0.8342659758203799,0.29185210463203903,0
476,"(10.471623954018797, 105.53289309590548)",Non Rice,0.8754839233663921,0.2570892473443694,0
477,"(10.471169725189137, 105.53289309590548)",Non Rice,0.8864104567734603,0.22863880662498626,0
478,"(10.475257784656076, 105.53334732473513)",Non Rice,0.8408543922984355,-0.01797033261452002,0
479,"(10.474803555826417, 105.53334732473513)",Non Rice,0.8319770224988032,-0.050594766058683606,0
480,"(10.474349326996757, 105.53334732473513)",Non Rice,0.8447209843814041,0.25188801544614536,0
481,"(10.473895098167096, 105.53334732473513)",Non Rice,0.8622261596552644,0.27371876185120775,0
482,"(10.473440869337438, 105.53334732473513)",Non Rice,0.8680825333189759,0.18537032408564533,0
483,"(10.472986640507777, 105.53334732473513)",Non Rice,0.869552226753341,0.10476983961674656,0
484,"(10.472532411678117, 105.53334732473513)",Non Rice,0.8714599726036126,0.3310736850191078,0
485,"(10.472078182848456, 105.53334732473513)",Non Rice,0.8733349958294279,0.3106620545112259,0
486,"(10.471623954018797, 105.53334732473513)",Non Rice,0.8823677513914991,0.25281745314289156,0
487,"(10.471169725189137, 105.53334732473513)",Non Rice,0.8896540549299198,0.1996346290469908,0
488,"(10.470715496359476, 105.53334732473513)",Non Rice,0.8920494222586381,0.19184488943377373,0
489,"(10.470261267529818, 105.53334732473513)",Non Rice,0.8933667637623982,0.26530612244897955,0
490,"(10.475712013485737, 105.53380155356476)",Non Rice,0.8656429192431302,0.2199460334592552,0
491,"(10.475257784656076, 105.53380155356476)",Non Rice,0.8272138228941683,-0.005851450049117992,0
492,"(10.474803555826417, 105.53380155356476)",Non Rice,0.8154364930685651,-0.058755493869997705,0
493,"(10.474349326996757, 105.53380155356476)",Non Rice,0.8460600190137941,0.24371659274422833,0
494,"(10.473895098167096, 105.53380155356476)",Non Rice,0.8647580386710821,0.2564933864227512,0
495,"(10.473440869337438, 105.53380155356476)",Non Rice,0.8697769296571692,0.22076987648399088,0
496,"(10.472986640507777, 105.53380155356476)",Non Rice,0.8660683356951661,0.10476983961674656,0
497,"(10.472532411678117, 105.53380155356476)",Non Rice,0.8688859060402685,0.3187255400535078,0
498,"(10.472078182848456, 105.53380155356476)",Non Rice,0.8756275903898642,0.31387419783666953,0
499,"(10.471623954018797, 105.53380155356476)",Non Rice,0.881753796728972,0.2676950633514556,0
500,"(10.015305671742361, 105.8103360650496)",Non Rice,-0.09142053445850923,-0.09142053445850923,0
501,"(10.015305671742361, 105.81079029387922)",Non Rice,-0.09142053445850923,-0.09142053445850923,0
502,"(10.0148514429127, 105.81079029387922)",Non Rice,-0.09142053445850923,-0.09142053445850923,0
503,"(10.015305671742361, 105.81124452270888)",Non Rice,0.0,0.0,0
504,"(10.0148514429127, 105.81124452270888)",Non Rice,0.0,0.0,0
505,"(10.014397214083042, 105.81124452270888)",Non Rice,0.0,0.0,0
506,"(10.013942985253381, 105.81124452270888)",Non Rice,0.08972267536704735,-0.19005328596802842,0
507,"(10.015759900572021, 105.8116987515385)",Non Rice,0.0,0.0,0
508,"(10.015305671742361, 105.8116987515385)",Non Rice,0.0,0.0,0
509,"(10.0148514429127, 105.8116987515385)",Non Rice,0.0,0.0,0
510,"(10.014397214083042, 105.8116987515385)",Non Rice,-0.32193453834880315,-0.32193453834880315,0
511,"(10.013942985253381, 105.8116987515385)",Non Rice,-0.32193453834880315,-0.32193453834880315,0
512,"(10.01348875642372, 105.8116987515385)",Non Rice,0.0,0.0,0
513,"(10.015759900572021, 105.81215298036815)",Non Rice,0.0,0.0,0
514,"(10.015305671742361, 105.81215298036815)",Non Rice,0.0,0.0,0
515,"(10.0148514429127, 105.81215298036815)",Non Rice,0.0,0.0,0
516,"(10.014397214083042, 105.81215298036815)",Non Rice,-0.32193453834880315,-0.32193453834880315,0
517,"(10.013942985253381, 105.81215298036815)",Non Rice,-0.32193453834880315,-0.32193453834880315,0
518,"(10.01348875642372, 105.81215298036815)",Non Rice,0.0,0.0,0
519,"(10.013034527594062, 105.81215298036815)",Non Rice,0.0,0.0,0
520,"(10.015759900572021, 105.81260720919778)",Non Rice,0.0,0.0,0
521,"(10.015305671742361, 105.81260720919778)",Non Rice,0.0,0.0,0
522,"(10.0148514429127, 105.81260720919778)",Non Rice,0.0,0.0,0
523,"(10.014397214083042, 105.81260720919778)",Non Rice,-0.32193453834880315,-0.32193453834880315,0
524,"(10.013942985253381, 105.81260720919778)",Non Rice,-0.32193453834880315,-0.32193453834880315,0
525,"(10.01348875642372, 105.81260720919778)",Non Rice,0.0,0.0,0
526,"(10.013034527594062, 105.81260720919778)",Non Rice,0.0,0.0,0
527,"(10.012580298764401, 105.81260720919778)",Non Rice,0.0,0.0,0
528,"(10.016214129401682, 105.81306143802743)",Non Rice,0.0,0.0,0
529,"(10.015759900572021, 105.81306143802743)",Non Rice,0.0,0.0,0
530,"(10.015305671742361, 105.81306143802743)",Non Rice,0.0,0.0,0
531,"(10.0148514429127, 105.81306143802743)",Non Rice,0.0,0.0,0
532,"(10.014397214083042, 105.81306143802743)",Non Rice,0.0,0.0,0
533,"(10.013942985253381, 105.81306143802743)",Non Rice,0.0,0.0,0
534,"(10.01348875642372, 105.81306143802743)",Non Rice,0.0,0.0,0
535,"(10.013034527594062, 105.81306143802743)",Non Rice,0.0,0.0,0
536,"(10.012580298764401, 105.81306143802743)",Non Rice,0.0,0.0,0
537,"(10.012126069934741, 105.81306143802743)",Non Rice,0.0,0.0,0
538,"(10.01167184110508, 105.81306143802743)",Non Rice,0.0,0.0,0
539,"(10.016214129401682, 105.81351566685709)",Non Rice,0.0,0.0,0
540,"(10.015759900572021, 105.81351566685709)",Non Rice,0.0,0.0,0
541,"(10.015305671742361, 105.81351566685709)",Non Rice,0.0,0.0,0
542,"(10.0148514429127, 105.81351566685709)",Non Rice,0.0,0.0,0
543,"(10.014397214083042, 105.81351566685709)",Non Rice,0.0,0.0,0
544,"(10.013942985253381, 105.81351566685709)",Non Rice,0.0,0.0,0
545,"(10.01348875642372, 105.81351566685709)",Non Rice,0.0,0.0,0
546,"(10.013034527594062, 105.81351566685709)",Non Rice,0.0,0.0,0
547,"(10.012580298764401, 105.81351566685709)",Non Rice,0.0,0.0,0
548,"(10.012126069934741, 105.81351566685709)",Non Rice,0.0,0.0,0
549,"(10.01167184110508, 105.81351566685709)",Non Rice,0.0,0.0,0
550,"(10.009400696956781, 105.67088781435012)",Non Rice,0.8267564163517921,0.37965536409116174,0
551,"(10.0103091546161, 105.67134204317975)",Non Rice,0.8183663638865951,0.42584093731439987,0
552,"(10.009854925786442, 105.67134204317975)",Non Rice,0.8264917717309787,0.4138810754235625,0
553,"(10.009400696956781, 105.67134204317975)",Non Rice,0.86696862805797,0.3695898929082565,0
554,"(10.008946468127121, 105.67134204317975)",Non Rice,0.8851614157915207,0.3199374601887775,0
555,"(10.010763383445761, 105.6717962720094)",Non Rice,0.8300317213698453,0.43648558492949063,0
556,"(10.0103091546161, 105.6717962720094)",Non Rice,0.8185496136764615,0.42931966010545336,0
557,"(10.009854925786442, 105.6717962720094)",Non Rice,0.8294145079916905,0.43035825653107895,0
558,"(10.009400696956781, 105.6717962720094)",Non Rice,0.8738314341176566,0.3781260263688828,0
559,"(10.008946468127121, 105.6717962720094)",Non Rice,0.8698494630659382,0.28203396075782233,0
560,"(10.00849223929746, 105.6717962720094)",Non Rice,0.8473960941412116,0.473777715848327,0
561,"(10.01167184110508, 105.67225050083903)",Non Rice,0.8708850795139559,0.3629321851212715,0
562,"(10.011217612275422, 105.67225050083903)",Non Rice,0.852686454216766,0.360624047667781,0
563,"(10.010763383445761, 105.67225050083903)",Non Rice,0.8262720854519515,0.3621229112582945,0
564,"(10.0103091546161, 105.67225050083903)",Non Rice,0.8151063221417929,0.3674457499863654,0
565,"(10.009854925786442, 105.67225050083903)",Non Rice,0.848548834513311,0.41774863387978145,0
566,"(10.009400696956781, 105.67225050083903)",Non Rice,0.8567112435908859,0.3919106103980054,0
567,"(10.008946468127121, 105.67225050083903)",Non Rice,0.8511888794049506,0.3125974701091665,0
568,"(10.00849223929746, 105.67225050083903)",Non Rice,0.8523865112378949,0.30901639344262294,0
569,"(10.008038010467802, 105.67225050083903)",Non Rice,0.7801506459040706,0.3346269943941354,0
570,"(10.012580298764401, 105.67270472966868)",Non Rice,0.8818737964998381,0.3626791130901923,0
571,"(10.012126069934741, 105.67270472966868)",Non Rice,0.8750543967776866,0.2457320227625453,0
572,"(10.01167184110508, 105.67270472966868)",Non Rice,0.8776068714245677,0.26231816048803386,0
573,"(10.011217612275422, 105.67270472966868)",Non Rice,0.8562662974338789,0.30069359445124433,0
574,"(10.010763383445761, 105.67270472966868)",Non Rice,0.8398549121953378,0.35644515714385716,0
575,"(10.0103091546161, 105.67270472966868)",Non Rice,0.8384982935153582,0.3717624542925404,0
576,"(10.009854925786442, 105.67270472966868)",Non Rice,0.8604738800697159,0.4113466995824009,0
577,"(10.009400696956781, 105.67270472966868)",Non Rice,0.8579887218045112,0.39756759473313896,0
578,"(10.008946468127121, 105.67270472966868)",Non Rice,0.8565593909856204,0.35830983252721627,0
579,"(10.00849223929746, 105.67270472966868)",Non Rice,0.8753120483510709,0.3984608135699701,0
580,"(10.008038010467802, 105.67270472966868)",Non Rice,0.7936658149585187,0.4076147816349384,0
581,"(10.007583781638141, 105.67270472966868)",Non Rice,0.7491670973641315,0.36589698046181174,0
582,"(10.013034527594062, 105.6731589584983)",Non Rice,0.8450968253829856,0.2790886899918633,0
583,"(10.012580298764401, 105.6731589584983)",Non Rice,0.8815255159710302,0.2790886899918633,0
584,"(10.012126069934741, 105.6731589584983)",Non Rice,0.8826212618705884,0.2818991097922849,0
585,"(10.01167184110508, 105.6731589584983)",Non Rice,0.8655226521550429,0.30069359445124433,0
586,"(10.011217612275422, 105.6731589584983)",Non Rice,0.8475014436103585,0.24282094594594597,0
587,"(10.010763383445761, 105.6731589584983)",Non Rice,0.8467337132241295,0.24282094594594597,0
588,"(10.0103091546161, 105.6731589584983)",Non Rice,0.8725730320676064,0.40309585291171035,0
589,"(10.009854925786442, 105.6731589584983)",Non Rice,0.873555830759825,0.4012519161982626,0
590,"(10.009400696956781, 105.6731589584983)",Non Rice,0.8689977402311236,0.4064895064823436,0
591,"(10.008946468127121, 105.6731589584983)",Non Rice,0.8727031068283767,0.40585839907146926,0
592,"(10.00849223929746, 105.6731589584983)",Non Rice,0.8745086331293229,0.4179225081814876,0
593,"(10.008038010467802, 105.6731589584983)",Non Rice,0.8515598188651449,0.41228300401184803,0
594,"(10.007583781638141, 105.6731589584983)",Non Rice,0.8501274931302245,0.3781943304683339,0
595,"(10.013942985253381, 105.67361318732796)",Non Rice,0.8635651379683089,0.2749161698956781,0
596,"(10.01348875642372, 105.67361318732796)",Non Rice,0.8412731614635082,0.29317287991898827,0
597,"(10.013034527594062, 105.67361318732796)",Non Rice,0.839577270369361,0.30285350588734494,0
598,"(10.012580298764401, 105.67361318732796)",Non Rice,0.8768393655820691,0.2790886899918633,0
599,"(10.012126069934741, 105.67361318732796)",Non Rice,0.8793301305117381,0.3049267643142477,0
